<scheme name="Eva Dark" version="1" parent_scheme="Darcula">
  <colors>
    <option name="ADDED_LINES_COLOR" value="4EC150" />
    <option name="ANNOTATIONS_COLOR" value="8E99B1" />
    <!--    <option name="BLOCK_TERMINAL_BLOCK_BACKGROUND_END" value="e6e9ef" />-->
    <!--    <option name="BLOCK_TERMINAL_BLOCK_BACKGROUND_START" value="e6e9ef" />-->
    <!--    <option name="BLOCK_TERMINAL_DEFAULT_BACKGROUND" value="eff1f5" />-->
    <!--    <option name="BLOCK_TERMINAL_DEFAULT_FOREGROUND" value="4c4f69" />-->
    <!--    <option name="BLOCK_TERMINAL_ERROR_BLOCK_STROKE_COLOR" value="d20f39" />-->
    <!--    <option name="BLOCK_TERMINAL_INACTIVE_SELECTED_BLOCK_BACKGROUND" value="bcc0cc" />-->
    <!--    <option name="BLOCK_TERMINAL_INACTIVE_SELECTED_BLOCK_STROKE_COLOR" value="9ca0b0" />-->
    <!--    <option name="BLOCK_TERMINAL_PROMPT_SEPARATOR_COLOR" value="bcc0cc" />-->
    <!--    <option name="BLOCK_TERMINAL_SELECTED_BLOCK_BACKGROUND" value="ccd0da" />-->
    <!--    <option name="BLOCK_TERMINAL_SELECTED_BLOCK_STROKE_COLOR" value="1e66f5" />-->
    <option name="CARET_COLOR" value="fc8357" />
    <option name="CARET_ROW_COLOR" value="2F323C" />
    <option name="CONSOLE_BACKGROUND_KEY" value="282c34" />
    <option name="DELETED_LINES_COLOR" value="f14c4c" />
    <option name="DIAGRAM_ANNOTATION_EDGE" value="E4BF7F" />
    <option name="DIAGRAM_DEFAULT_EDGE" value="181a1f" />
    <option name="DIAGRAM_GENERALIZATION_EDGE" value="61afe1" />
    <option name="DIAGRAM_INNER_EDGE" value="f14c4c" />
    <option name="DIAGRAM_NODE_BACKGROUND" value="282c34" />
    <option name="DIAGRAM_NODE_HEADER" value="21252B" />
    <option name="DIAGRAM_NOTE_BACKGROUND" value="282c34" />
    <option name="DIAGRAM_NOTE_BORDER" value="181a1f" />
    <option name="DIAGRAM_REALIZATION_EDGE" value="4EC150" />
    <option name="DIFF_SEPARATORS_BACKGROUND" value="181a1f" />
    <option name="DIFF_SEPARATOR_WAVE" value="4e546e" />
    <option name="DOCUMENTATION_COLOR" value="23272F" />
    <option name="DOC_COMMENT_LINK" value="6495EE" />
    <option name="ERROR_HINT" value="E51400" />
    <option name="FILESTATUS_ADDED" value="98C379" />
    <option name="FILESTATUS_COPIED" value="3ec141" />
    <option name="FILESTATUS_DELETED" value="f14c4c" />
    <option name="FILESTATUS_HIJACKED" value="E4BF7F" />
    <option name="FILESTATUS_IDEA_FILESTATUS_DELETED_FROM_FILE_SYSTEM" value="f14c4c" />
    <option name="FILESTATUS_IDEA_FILESTATUS_IGNORED" value="676E95" />
    <option name="FILESTATUS_IDEA_FILESTATUS_MERGED_WITH_BOTH_CONFLICTS" value="E51400" />
    <option name="FILESTATUS_IDEA_FILESTATUS_MERGED_WITH_CONFLICTS" value="E51400" />
    <option name="FILESTATUS_IDEA_FILESTATUS_MERGED_WITH_PROPERTY_CONFLICTS" value="B0B7C3" />
    <option name="FILESTATUS_IDEA_SVN_FILESTATUS_EXTERNAL" value="B0B7C3" />
    <option name="FILESTATUS_IDEA_SVN_FILESTATUS_OBSTRUCTED" value="FF8A4C" />
    <option name="FILESTATUS_IDEA_SVN_REPLACED" value="A78CFA" />
    <option name="FILESTATUS_MERGED" value="B0B7C3" />
    <option name="FILESTATUS_MODIFIED" value="A78CFA" />
    <option name="FILESTATUS_NOT_CHANGED_IMMEDIATE" value="80cbc4" />
    <option name="FILESTATUS_NOT_CHANGED_RECURSIVE" value="80cbc4" />
    <option name="FILESTATUS_OBSOLETE" value="676E95" />
    <option name="FILESTATUS_SWITCHED" value="A78CFA" />
    <option name="FILESTATUS_UNKNOWN" value="3ec141" />
    <option name="FILESTATUS_addedOutside" value="3ec141" />
    <option name="FILESTATUS_changelistConflict" value="FF8A4C" />
    <option name="FILESTATUS_modifiedOutside" value="A78CFA" />
    <option name="FOLDED_TEXT_BORDER_COLOR" value="" />
    <option name="GUTTER_BACKGROUND" value="282c34" />
    <option name="INDENT_GUIDE" value="454963" />
    <option name="INFORMATION_HINT" value="23272F" />
    <!--    <option name="INLINE_REFACTORING_SETTINGS_DEFAULT" value="ced1da"/>-->
    <!--    <option name="INLINE_REFACTORING_SETTINGS_FOCUSED" value="cacdd7"/>-->
    <!--    <option name="INLINE_REFACTORING_SETTINGS_HOVERED" value="cacdd7"/>-->
    <option name="LINE_NUMBERS_COLOR" value="535773" />
    <option name="LINE_NUMBER_ON_CARET_ROW_COLOR" value="B0B7C3" />
    <option name="LOOKUP_COLOR" value="23272F" />
    <option name="METHOD_SEPARATORS_COLOR" value="363943" />
    <option name="MODIFIED_TAB_ICON" value="A78CFA"/>
    <option name="MODIFIED_LINES_COLOR" value="A78CFA" />
    <option name="MT_FILESTATUS_NOT_CHANGED" value="B0B7C3" />
    <option name="MT_FILESTATUS_SUPPRESSED" value="FF8A4C" />
    <option name="NOTIFICATION_BACKGROUND" value="403E32"/>
<!--    <option name="PROMOTION_PANE" value="ccd0da"/>-->
    <option name="QUESTION_HINT" value="23272F" />
    <option name="RECENT_LOCATIONS_SELECTION" value="282c34" />
    <option name="RIGHT_MARGIN_COLOR" value="21252b" />
    <option name="SELECTED_INDENT_GUIDE" value="FF9070BF" />
    <option name="SELECTED_TEARLINE_COLOR" value="FF9070BF" />
    <option name="SELECTION_BACKGROUND" value="394e75" />
    <option name="SELECTION_FOREGROUND" value="" />
    <option name="SEPARATOR_BELOW_COLOR" value="181a1f" />
    <option name="ScrollBar.Mac.hoverThumbBorderColor" value="A2ABE53F" />
    <option name="ScrollBar.Mac.hoverThumbColor" value="A2ABE53F" />
    <option name="ScrollBar.Mac.thumbBorderColor" value="A2ABE521" />
    <option name="ScrollBar.Mac.thumbColor" value="A2ABE521" />
    <option name="ScrollBar.hoverThumbBorderColor" value="A2ABE53F" />
    <option name="ScrollBar.hoverThumbColor" value="A2ABE53F" />
    <option name="ScrollBar.thumbBorderColor" value="A2ABE521" />
    <option name="ScrollBar.thumbColor" value="A2ABE521" />
    <option name="TABS" value="535773" />
    <option name="TAB_UNDERLINE" value="282c34"/>
    <option name="TAB_UNDERLINE_INACTIVE" value="282c34"/>
    <option name="TEARLINE_COLOR" value="21252b" />
    <option name="VCS_ANNOTATIONS_COLOR_1" value="ff0000" />
    <option name="VCS_ANNOTATIONS_COLOR_2" value="ff00" />
    <option name="VCS_ANNOTATIONS_COLOR_3" value="ff" />
    <option name="VCS_ANNOTATIONS_COLOR_4" value="ffff00" />
    <option name="VCS_ANNOTATIONS_COLOR_5" value="f00fff" />
    <option name="VISUAL_INDENT_GUIDE" value="A78CFA" />
    <option name="WHITESPACES" value="535773" />
    <option name="WHITESPACES_MODIFIED_LINES_COLOR" value="A78CFA" />
    <option name="READONLY_BACKGROUND" value="282c34" />
  </colors>
  <attributes>
    <option name="ANNOTATION_ATTRIBUTE_NAME_ATTRIBUTES">
      <value>
        <option name="FOREGROUND" value="ffc86e" />
      </value>
    </option>
    <option name="ANNOTATION_NAME_ATTRIBUTES" baseAttributes="DEFAULT_METADATA" />
    <option name="APACHE_CONFIG.IDENTIFIER">
      <value>
        <option name="FOREGROUND" value="c88cdc" />
      </value>
    </option>
    <option name="BAD_CHARACTER">
      <value>
        <option name="FOREGROUND" value="676E95" />
        <option name="BACKGROUND" value="282c34" />
        <option name="EFFECT_COLOR" value="676E95" />
        <option name="EFFECT_TYPE" value="1" />
      </value>
    </option>
    <option name="BASH.BINARY_DATA">
      <value />
    </option>
    <option name="BASH.CONDITIONAL">
      <value>
        <option name="FOREGROUND" value="CF68E1" />
      </value>
    </option>
    <option name="BASH.EXTERNAL_COMMAND">
      <value>
        <option name="FOREGROUND" value="A78CFA" />
      </value>
    </option>
    <option name="BASH.FUNCTION_CALL" baseAttributes="" />
    <option name="BASH.FUNCTION_DEF_NAME">
      <value>
        <option name="FOREGROUND" value="6495EE" />
      </value>
    </option>
    <option name="BASH.HERE_DOC_END">
      <value>
        <option name="FOREGROUND" value="A78CFA" />
      </value>
    </option>
    <option name="BASH.HERE_DOC_START">
      <value>
        <option name="FOREGROUND" value="A78CFA" />
      </value>
    </option>
    <option name="BASH.KEYWORD">
      <value>
        <option name="FOREGROUND" value="CF68E1" />
      </value>
    </option>
    <option name="BASH.SHEBANG">
      <value>
        <option name="FOREGROUND" value="676E95" />
        <option name="FONT_TYPE" value="1" />
      </value>
    </option>
    <option name="BASH.SUBSHELL_COMMAND">
      <value />
    </option>
    <option name="BASH.VAR_DEF">
      <value />
    </option>
    <option name="BASH.VAR_USE">
      <value>
        <option name="FOREGROUND" value="E4BF7F" />
      </value>
    </option>
    <option name="BLADE_DIRECTIVE">
      <value>
        <option name="FOREGROUND" value="c88cdc" />
      </value>
    </option>
    <option name="BOOKMARKS_ATTRIBUTES">
      <value />
    </option>
    <option name="BREADCRUMBS_CURRENT">
      <value>
        <option name="FOREGROUND" value="B0B7C3" />
      </value>
    </option>
    <option name="BREADCRUMBS_DEFAULT">
      <value>
        <option name="FOREGROUND" value="8E99B1" />
      </value>
    </option>
    <option name="BREADCRUMBS_HOVERED">
      <value>
        <option name="FOREGROUND" value="B0B7C3" />
        <option name="BACKGROUND" value="3e5889" />
      </value>
    </option>
    <option name="BREADCRUMBS_INACTIVE">
      <value>
        <option name="FOREGROUND" value="676E95" />
      </value>
    </option>
    <option name="BREAKPOINT_ATTRIBUTES">
      <value>
        <option name="BACKGROUND" value="ffc8c8" />
      </value>
    </option>
    <option name="BUILDOUT.KEY">
      <value>
        <option name="FOREGROUND" value="c88cdc" />
      </value>
    </option>
    <option name="BUILDOUT.KEY_VALUE_SEPARATOR">
      <value>
        <option name="FOREGROUND" value="56B7C3" />
      </value>
    </option>
    <option name="BUILDOUT.LINE_COMMENT">
      <value>
        <option name="FOREGROUND" value="676E95" />
        <option name="FONT_TYPE" value="2" />
      </value>
    </option>
    <option name="BUILDOUT.SECTION_NAME">
      <value>
        <option name="FOREGROUND" value="FF8A4C" />
      </value>
    </option>
    <option name="BUILDOUT.VALUE">
      <value>
        <option name="FOREGROUND" value="98C379" />
      </value>
    </option>
    <option name="CLASS_REFERENCE">
      <value>
        <option name="FOREGROUND" value="6495EE" />
      </value>
    </option>
    <option name="CODE_LENS_BORDER_COLOR">
      <value>
        <option name="EFFECT_COLOR" value="676E95"/>
      </value>
    </option>
    <option name="COFFEESCRIPT.BAD_CHARACTER">
      <value>
        <option name="FOREGROUND" value="676E95" />
      </value>
    </option>
    <option name="COFFEESCRIPT.BLOCK_COMMENT">
      <value>
        <option name="FOREGROUND" value="676E95" />
        <option name="FONT_TYPE" value="2" />
      </value>
    </option>
    <option name="COFFEESCRIPT.BOOLEAN">
      <value>
        <option name="FOREGROUND" value="CF68E1" />
      </value>
    </option>
    <option name="COFFEESCRIPT.BRACE">
      <value>
        <option name="FOREGROUND" value="B0B7C3" />
      </value>
    </option>
    <option name="COFFEESCRIPT.BRACKET">
      <value>
        <option name="FOREGROUND" value="B0B7C3" />
      </value>
    </option>
    <option name="COFFEESCRIPT.CLASS_NAME">
      <value>
        <option name="FOREGROUND" value="6495EE" />
      </value>
    </option>
    <option name="COFFEESCRIPT.COLON">
      <value>
        <option name="FOREGROUND" value="56B7C3" />
      </value>
    </option>
    <option name="COFFEESCRIPT.COMMA">
      <value>
        <option name="FOREGROUND" value="8792AA" />
      </value>
    </option>
    <option name="COFFEESCRIPT.ESCAPE_SEQUENCE">
      <value>
        <option name="FOREGROUND" value="8A97C3" />
      </value>
    </option>
    <option name="COFFEESCRIPT.EXISTENTIAL">
      <value>
        <option name="FOREGROUND" value="56B7C3" />
      </value>
    </option>
    <option name="COFFEESCRIPT.EXPRESSIONS_SUBSTITUTION_MARK">
      <value>
        <option name="FOREGROUND" value="f14c4c" />
      </value>
    </option>
    <option name="COFFEESCRIPT.FUNCTION">
      <value>
        <option name="FOREGROUND" value="A78CFA" />
      </value>
    </option>
    <option name="COFFEESCRIPT.FUNCTION_BINDING">
      <value>
        <option name="FOREGROUND" value="A78CFA" />
      </value>
    </option>
    <option name="COFFEESCRIPT.FUNCTION_NAME">
      <value>
        <option name="FOREGROUND" value="6495EE" />
      </value>
    </option>
    <option name="COFFEESCRIPT.GLOBAL_VARIABLE">
      <value>
        <option name="FOREGROUND" value="B0B7C3" />
      </value>
    </option>
    <option name="COFFEESCRIPT.HEREDOC_CONTENT">
      <value>
        <option name="FOREGROUND" value="98C379" />
      </value>
    </option>
    <option name="COFFEESCRIPT.HEREDOC_ID">
      <value>
        <option name="FOREGROUND" value="98C379" />
      </value>
    </option>
    <option name="COFFEESCRIPT.HEREGEX_CONTENT">
      <value>
        <option name="FOREGROUND" value="98C379" />
      </value>
    </option>
    <option name="COFFEESCRIPT.HEREGEX_ID">
      <value>
        <option name="FOREGROUND" value="98C379" />
      </value>
    </option>
    <option name="COFFEESCRIPT.IDENTIFIER">
      <value>
        <option name="FOREGROUND" value="B0B7C3" />
      </value>
    </option>
    <option name="COFFEESCRIPT.JAVASCRIPT_ID">
      <value>
        <option name="FOREGROUND" value="98C379" />
      </value>
    </option>
    <option name="COFFEESCRIPT.KEYWORD">
      <value>
        <option name="FOREGROUND" value="CF68E1" />
      </value>
    </option>
    <option name="COFFEESCRIPT.LINE_COMMENT">
      <value>
        <option name="FOREGROUND" value="676E95" />
        <option name="FONT_TYPE" value="2" />
      </value>
    </option>
    <option name="COFFEESCRIPT.LOCAL_VARIABLE">
      <value>
        <option name="FOREGROUND" value="B0B7C3" />
      </value>
    </option>
    <option name="COFFEESCRIPT.NUMBER">
      <value>
        <option name="FOREGROUND" value="FF8A4C" />
      </value>
    </option>
    <option name="COFFEESCRIPT.OBJECT_KEY">
      <value>
        <option name="FOREGROUND" value="B0B7C3" />
      </value>
    </option>
    <option name="COFFEESCRIPT.OPERATIONS">
      <value>
        <option name="FOREGROUND" value="56B7C3" />
      </value>
    </option>
    <option name="COFFEESCRIPT.PARENTHESIS">
      <value>
        <option name="FOREGROUND" value="B0B7C3" />
      </value>
    </option>
    <option name="COFFEESCRIPT.PROTOTYPE">
      <value>
        <option name="FOREGROUND" value="6495EE" />
      </value>
    </option>
    <option name="COFFEESCRIPT.REGULAR_EXPRESSION_CONTENT">
      <value>
        <option name="FOREGROUND" value="98C379" />
      </value>
    </option>
    <option name="COFFEESCRIPT.REGULAR_EXPRESSION_FLAG">
      <value>
        <option name="FOREGROUND" value="98C379" />
      </value>
    </option>
    <option name="COFFEESCRIPT.REGULAR_EXPRESSION_ID">
      <value>
        <option name="FOREGROUND" value="98C379" />
      </value>
    </option>
    <option name="COFFEESCRIPT.SEMICOLON">
      <value>
        <option name="FOREGROUND" value="676E95" />
      </value>
    </option>
    <option name="COFFEESCRIPT.STRING">
      <value>
        <option name="FOREGROUND" value="98C379" />
      </value>
    </option>
    <option name="COFFEESCRIPT.STRING_LITERAL">
      <value>
        <option name="FOREGROUND" value="98C379" />
      </value>
    </option>
    <option name="COFFEESCRIPT.THIS">
      <value>
        <option name="FOREGROUND" value="B0B7C3" />
      </value>
    </option>
    <option name="CONDITIONALLY_NOT_COMPILED">
      <value>
        <option name="FOREGROUND" value="676E95" />
        <option name="FONT_TYPE" value="2" />
      </value>
    </option>
    <option name="CONSOLE_BLACK_OUTPUT">
      <value>
        <option name="FOREGROUND" value="000000" />
      </value>
    </option>
    <option name="CONSOLE_BLUE_BRIGHT_OUTPUT">
      <value>
        <option name="FOREGROUND" value="4283f5" />
      </value>
    </option>
    <option name="CONSOLE_BLUE_OUTPUT">
      <value>
        <option name="FOREGROUND" value="4480f4" />
      </value>
    </option>
    <option name="CONSOLE_CYAN_BRIGHT_OUTPUT">
      <value>
        <option name="FOREGROUND" value="56B7C3" />
      </value>
    </option>
    <option name="CONSOLE_CYAN_OUTPUT">
      <value>
        <option name="FOREGROUND" value="56B7C3" />
      </value>
    </option>
    <option name="CONSOLE_DARKGRAY_OUTPUT">
      <value>
        <option name="FOREGROUND" value="B0B7C3" />
      </value>
    </option>
    <option name="CONSOLE_ERROR_OUTPUT">
      <value>
        <option name="FOREGROUND" value="E51400" />
      </value>
    </option>
    <option name="CONSOLE_GRAY_OUTPUT">
      <value>
        <option name="FOREGROUND" value="676E95" />
      </value>
    </option>
    <option name="CONSOLE_GREEN_BRIGHT_OUTPUT">
      <value>
        <option name="FOREGROUND" value="4EC150" />
      </value>
    </option>
    <option name="CONSOLE_GREEN_OUTPUT">
      <value>
        <option name="FOREGROUND" value="4EC150" />
      </value>
    </option>
    <option name="CONSOLE_MAGENTA_BRIGHT_OUTPUT">
      <value>
        <option name="FOREGROUND" value="FF6AB3" />
      </value>
    </option>
    <option name="CONSOLE_MAGENTA_OUTPUT">
      <value>
        <option name="FOREGROUND" value="CF68E1" />
      </value>
    </option>
    <option name="CONSOLE_NORMAL_OUTPUT">
      <value>
        <option name="FOREGROUND" value="B0B7C3" />
      </value>
    </option>
    <option name="CONSOLE_RED_BRIGHT_OUTPUT">
      <value>
        <option name="FOREGROUND" value="f14c4c" />
      </value>
    </option>
    <option name="CONSOLE_RED_OUTPUT">
      <value>
        <option name="FOREGROUND" value="E51400" />
      </value>
    </option>
    <option name="CONSOLE_SYSTEM_OUTPUT">
      <value>
        <option name="FOREGROUND" value="B0B7C3" />
      </value>
    </option>
    <option name="CONSOLE_USER_INPUT">
      <value>
        <option name="FOREGROUND" value="98C379" />
        <option name="FONT_TYPE" value="2" />
      </value>
    </option>
    <option name="CONSOLE_WHITE_OUTPUT">
      <value>
        <option name="FOREGROUND" value="0" />
      </value>
    </option>
    <option name="CONSOLE_YELLOW_BRIGHT_OUTPUT">
      <value>
        <option name="FOREGROUND" value="FF8A4C" />
      </value>
    </option>
    <option name="CONSOLE_YELLOW_OUTPUT">
      <value>
        <option name="FOREGROUND" value="E4BF7F" />
      </value>
    </option>
    <option name="CONSTRUCTOR_CALL_ATTRIBUTES">
      <value>
        <option name="FOREGROUND" value="ffc86e" />
      </value>
    </option>
    <option name="CSS.ATTRIBUTE_NAME">
      <value>
        <option name="FOREGROUND" value="56B7C3" />
      </value>
    </option>
    <option name="CSS.BRACES">
      <value>
        <option name="FOREGROUND" value="717b90" />
      </value>
    </option>
    <option name="CSS.BRACKETS">
      <value>
        <option name="FOREGROUND" value="717b90" />
      </value>
    </option>
    <option name="CSS.COLON">
      <value>
        <option name="FOREGROUND" value="8E99B1" />
      </value>
    </option>
    <option name="CSS.COLOR">
      <value>
        <option name="FOREGROUND" value="B0B7C3" />
      </value>
    </option>
    <option name="CSS.FUNCTION">
      <value>
        <option name="FOREGROUND" value="6495EE" />
      </value>
    </option>
    <option name="CSS.HASH">
      <value>
        <option name="FOREGROUND" value="FF8A4C" />
      </value>
    </option>
    <option name="CSS.IDENT">
      <value>
        <option name="FOREGROUND" value="98C379" />
      </value>
    </option>
    <option name="CSS.IMPORTANT">
      <value>
        <option name="FOREGROUND" value="F02B77" />
      </value>
    </option>
    <option name="CSS.KEYWORD">
      <value>
        <option name="FOREGROUND" value="A78CFA" />
      </value>
    </option>
    <option name="CSS.NUMBER">
      <value>
        <option name="FOREGROUND" value="FF8A4C" />
      </value>
    </option>
    <option name="CSS.OPERATORS">
      <value>
        <option name="FOREGROUND" value="8792AA" />
      </value>
    </option>
    <option name="CSS.PARENTHESES">
      <value>
        <option name="FOREGROUND" value="979799" />
      </value>
    </option>
    <option name="CSS.PROPERTY_NAME">
      <value>
        <option name="FOREGROUND" value="8A97C3" />
        <option name="FONT_TYPE" value="1" />
      </value>
    </option>
    <option name="CSS.PROPERTY_VALUE">
      <value>
        <option name="FOREGROUND" value="c57bdb" />
      </value>
    </option>
    <option name="CSS.PSEUDO">
      <value>
        <option name="FOREGROUND" value="56B7C3" />
      </value>
    </option>
    <option name="CSS.UNICODE.RANGE">
      <value>
        <option name="FOREGROUND" value="FF8A4C" />
      </value>
    </option>
    <option name="CSS.URL">
      <value>
        <option name="FOREGROUND" value="98C379" />
      </value>
    </option>
    <option name="CTRL_CLICKABLE">
      <value>
        <option name="FOREGROUND" value="4283f5" />
        <option name="EFFECT_COLOR" value="4283f5" />
        <option name="EFFECT_TYPE" value="1" />
      </value>
    </option>
    <option name="CUSTOM_INVALID_STRING_ESCAPE_ATTRIBUTES">
      <value>
        <option name="FOREGROUND" value="676E95" />
      </value>
    </option>
    <option name="CUSTOM_KEYWORD1_ATTRIBUTES">
      <value>
        <option name="FOREGROUND" value="6495EE" />
      </value>
    </option>
    <option name="CUSTOM_KEYWORD2_ATTRIBUTES">
      <value>
        <option name="FOREGROUND" value="A78CFA" />
      </value>
    </option>
    <option name="CUSTOM_KEYWORD3_ATTRIBUTES">
      <value>
        <option name="FOREGROUND" value="56B7C3" />
      </value>
    </option>
    <option name="CUSTOM_KEYWORD4_ATTRIBUTES">
      <value>
        <option name="FOREGROUND" value="CF68E1" />
      </value>
    </option>
    <option name="CUSTOM_LINE_COMMENT_ATTRIBUTES">
      <value>
        <option name="FOREGROUND" value="676E95" />
        <option name="FONT_TYPE" value="2" />
      </value>
    </option>
    <option name="CUSTOM_MULTI_LINE_COMMENT_ATTRIBUTES">
      <value>
        <option name="FOREGROUND" value="676E95" />
        <option name="FONT_TYPE" value="2" />
      </value>
    </option>
    <option name="CUSTOM_NUMBER_ATTRIBUTES">
      <value>
        <option name="FOREGROUND" value="FF8A4C" />
      </value>
    </option>
    <option name="CUSTOM_STRING_ATTRIBUTES">
      <value>
        <option name="FOREGROUND" value="98C379" />
        <option name="FONT_TYPE" value="1" />
      </value>
    </option>
    <option name="CUSTOM_VALID_STRING_ESCAPE_ATTRIBUTES">
      <value>
        <option name="FOREGROUND" value="8A97C3" />
        <option name="FONT_TYPE" value="1" />
      </value>
    </option>
    <option name="Clojure Character">
      <value>
        <option name="FOREGROUND" value="98C379" />
      </value>
    </option>
    <option name="Clojure Keyword">
      <value>
        <option name="FOREGROUND" value="B0B7C3" />
      </value>
    </option>
    <option name="Clojure Line comment">
      <value>
        <option name="FOREGROUND" value="676E95" />
        <option name="FONT_TYPE" value="2" />
      </value>
    </option>
    <option name="Clojure Literal">
      <value>
        <option name="FOREGROUND" value="B0B7C3" />
      </value>
    </option>
    <option name="Clojure Numbers">
      <value>
        <option name="FOREGROUND" value="FF8A4C" />
      </value>
    </option>
    <option name="Clojure Strings">
      <value>
        <option name="FOREGROUND" value="98C379" />
      </value>
    </option>
    <option name="DART_ENUM_CONSTANT">
      <value>
        <option name="FOREGROUND" value="ffc86e" />
      </value>
    </option>
    <option name="DART_INSTANCE_GETTER_DECLARATION">
      <value>
        <option name="FOREGROUND" value="61afe1" />
      </value>
    </option>
    <option name="DART_INSTANCE_SETTER_DECLARATION">
      <value>
        <option name="FOREGROUND" value="61afe1" />
      </value>
    </option>
    <option name="DART_LOCAL_FUNCTION_DECLARATION">
      <value>
        <option name="FOREGROUND" value="61afe1" />
      </value>
    </option>
    <option name="DART_LOCAL_FUNCTION_REFERENCE">
      <value>
        <option name="FOREGROUND" value="61afe1" />
      </value>
    </option>
    <option name="DART_STATIC_GETTER_DECLARATION">
      <value>
        <option name="FOREGROUND" value="61afe1" />
      </value>
    </option>
    <option name="DART_STATIC_SETTER_DECLARATION">
      <value>
        <option name="FOREGROUND" value="61afe1" />
      </value>
    </option>
    <option name="DEBUGGER_INLINED_VALUES">
      <value>
        <option name="FOREGROUND" value="808080" />
        <option name="FONT_TYPE" value="2" />
      </value>
    </option>
    <option name="DEBUGGER_INLINED_VALUES_EXECUTION_LINE">
      <value>
        <option name="FOREGROUND" value="808080" />
        <option name="FONT_TYPE" value="2" />
      </value>
    </option>
    <option name="DEBUGGER_INLINED_VALUES_MODIFIED">
      <value>
        <option name="FOREGROUND" value="e88c00" />
        <option name="FONT_TYPE" value="2" />
      </value>
    </option>
    <option name="DEFAULT_ATTRIBUTE">
      <value>
        <option name="FOREGROUND" value="56B7C3" />
      </value>
    </option>
    <option name="DEFAULT_BLOCK_COMMENT">
      <value>
        <option name="FOREGROUND" value="676E95" />
        <option name="FONT_TYPE" value="2" />
      </value>
    </option>
    <option name="DEFAULT_BRACES">
      <value>
        <option name="FOREGROUND" value="838fa7" />
      </value>
    </option>
    <option name="DEFAULT_BRACKETS">
      <value>
        <option name="FOREGROUND" value="838fa7" />
      </value>
    </option>
    <option name="DEFAULT_CLASS_NAME">
      <value>
        <option name="FOREGROUND" value="56B7C3" />
      </value>
    </option>
    <option name="DEFAULT_CLASS_REFERENCE">
      <value>
        <option name="FOREGROUND" value="E4BF7F" />
      </value>
    </option>
    <option name="DEFAULT_COMMA">
      <value>
        <option name="FOREGROUND" value="a4a5aa" />
      </value>
    </option>
    <option name="DEFAULT_CONSTANT">
      <value>
        <option name="FOREGROUND" value="FF8A4C" />
      </value>
    </option>
    <option name="DEFAULT_DOC_COMMENT">
      <value>
        <option name="FOREGROUND" value="676E95" />
        <option name="FONT_TYPE" value="2" />
      </value>
    </option>
    <option name="DEFAULT_DOC_COMMENT_TAG">
      <value>
        <option name="FOREGROUND" value="A78CFA" />
        <option name="FONT_TYPE" value="2" />
      </value>
    </option>
    <option name="DEFAULT_DOC_COMMENT_TAG_VALUE">
      <value>
        <option name="FOREGROUND" value="E4BF7F" />
      </value>
    </option>
    <option name="DEFAULT_DOC_MARKUP">
      <value>
        <option name="FOREGROUND" value="676E95" />
        <option name="FONT_TYPE" value="2" />
      </value>
    </option>
    <option name="DEFAULT_DOT">
      <value>
        <option name="FOREGROUND" value="838fa7" />
        <option name="FONT_TYPE" value="1" />
      </value>
    </option>
    <option name="DEFAULT_ENTITY">
      <value>
        <option name="FOREGROUND" value="8A97C3" />
      </value>
    </option>
    <option name="DEFAULT_FUNCTION_CALL">
      <value>
        <option name="FOREGROUND" value="6495EE" />
      </value>
    </option>
    <option name="DEFAULT_FUNCTION_DECLARATION">
      <value>
        <option name="FOREGROUND" value="6495EE" />
      </value>
    </option>
    <option name="DEFAULT_GLOBAL_VARIABLE">
      <value>
        <option name="FOREGROUND" value="B0B7C3" />
        <option name="FONT_TYPE" value="2" />
      </value>
    </option>
    <option name="DEFAULT_HIGHLIGHTED_REFERENCE">
      <value>
        <option name="FOREGROUND" value="98C379" />
        <option name="EFFECT_TYPE" value="1" />
      </value>
    </option>
    <option name="DEFAULT_IDENTIFIER" baseAttributes="TEXT" />
    <option name="DEFAULT_INSTANCE_FIELD">
      <value>
        <option name="FOREGROUND" value="cd6069" />
      </value>
    </option>
    <option name="DEFAULT_INSTANCE_METHOD">
      <value>
        <option name="FOREGROUND" value="6495EE" />
      </value>
    </option>
    <option name="DEFAULT_INTERFACE_NAME">
      <value>
        <option name="FOREGROUND" value="56B7C3" />
      </value>
    </option>
    <option name="DEFAULT_INVALID_STRING_ESCAPE">
      <value>
        <option name="FOREGROUND" value="676E95" />
        <option name="EFFECT_COLOR" value="676E95" />
        <option name="EFFECT_TYPE" value="1" />
      </value>
    </option>
    <option name="DEFAULT_KEYWORD">
      <value>
        <option name="FOREGROUND" value="A78CFA" />
        <option name="FONT_TYPE" value="1" />
      </value>
    </option>
    <option name="DEFAULT_LABEL">
      <value>
        <option name="FOREGROUND" value="cd6069" />
      </value>
    </option>
    <option name="DEFAULT_LINE_COMMENT">
      <value>
        <option name="FOREGROUND" value="676E95" />
        <option name="FONT_TYPE" value="2" />
      </value>
    </option>
    <option name="DEFAULT_LOCAL_VARIABLE">
      <value>
        <option name="FOREGROUND" value="B0B7C3" />
      </value>
    </option>
    <option name="DEFAULT_METADATA" baseAttributes="TEXT" />
    <option name="DEFAULT_NUMBER">
      <value>
        <option name="FOREGROUND" value="FF8A4C" />
      </value>
    </option>
    <option name="DEFAULT_OPERATION_SIGN">
      <value>
        <option name="FOREGROUND" value="56B7C3" />
      </value>
    </option>
    <option name="DEFAULT_PARAMETER">
      <value>
        <option name="FOREGROUND" value="E4BF7F" />
      </value>
    </option>
    <option name="DEFAULT_PARENTHS">
      <value>
        <option name="FOREGROUND" value="838fa7" />
      </value>
    </option>
    <option name="DEFAULT_PREDEFINED_SYMBOL">
      <value>
        <option name="FOREGROUND" value="CF68E1" />
      </value>
    </option>
    <option name="DEFAULT_REASSIGNED_LOCAL_VARIABLE" baseAttributes="DEFAULT_LOCAL_VARIABLE" />
    <option name="DEFAULT_REASSIGNED_PARAMETER" baseAttributes="DEFAULT_PARAMETER" />
    <option name="DEFAULT_SEMICOLON">
      <value>
        <option name="FOREGROUND" value="676E95" />
      </value>
    </option>
    <option name="DEFAULT_STATIC_FIELD">
      <value>
        <option name="FOREGROUND" value="cd6069" />
        <option name="FONT_TYPE" value="2" />
      </value>
    </option>
    <option name="DEFAULT_STATIC_METHOD">
      <value>
        <option name="FOREGROUND" value="6495EE" />
      </value>
    </option>
    <option name="DEFAULT_STRING">
      <value>
        <option name="FOREGROUND" value="98C379" />
      </value>
    </option>
    <option name="DEFAULT_TAG">
      <value>
        <option name="FOREGROUND" value="cd6069" />
      </value>
    </option>
    <option name="DEFAULT_TEMPLATE_LANGUAGE_COLOR">
      <value>
        <option name="FOREGROUND" value="B0B7C3" />
      </value>
    </option>
    <option name="DEFAULT_VALID_STRING_ESCAPE">
      <value>
        <option name="FOREGROUND" value="8A97C3" />
      </value>
    </option>
    <option name="DELETED_TEXT_ATTRIBUTES">
      <value>
        <option name="FOREGROUND" value="676E95" />
        <option name="BACKGROUND" value="282c34" />
        <option name="EFFECT_COLOR" value="676E95" />
        <option name="EFFECT_TYPE" value="3" />
      </value>
    </option>
    <option name="DEPRECATED_ATTRIBUTES">
      <value>
        <option name="FOREGROUND" value="676E95" />
        <option name="EFFECT_COLOR" value="676E95" />
        <option name="EFFECT_TYPE" value="3" />
      </value>
    </option>
    <option name="DIFF_CONFLICT">
      <value>
        <option name="BACKGROUND" value="813a3f" />
        <option name="ERROR_STRIPE_COLOR" value="a14043" />
      </value>
    </option>
    <option name="DIFF_DELETED">
      <value>
        <option name="BACKGROUND" value="813a3f" />
        <option name="ERROR_STRIPE_COLOR" value="a14043" />
      </value>
    </option>
    <option name="DIFF_INSERTED">
      <value>
        <option name="BACKGROUND" value="33573c" />
        <option name="ERROR_STRIPE_COLOR" value="37673f" />
      </value>
    </option>
    <option name="DIFF_MODIFIED">
      <value>
        <option name="BACKGROUND" value="6a5e9b" />
        <option name="ERROR_STRIPE_COLOR" value="A78CFA" />
      </value>
    </option>
    <option name="DJANGO_COMMENT">
      <value>
        <option name="FOREGROUND" value="676E95" />
        <option name="FONT_TYPE" value="2" />
      </value>
    </option>
    <option name="DJANGO_FILTER">
      <value>
        <option name="FOREGROUND" value="6495EE" />
      </value>
    </option>
    <option name="DJANGO_ID">
      <value>
        <option name="FOREGROUND" value="56B7C3" />
      </value>
    </option>
    <option name="DJANGO_NUMBER">
      <value>
        <option name="FOREGROUND" value="FF8A4C" />
      </value>
    </option>
    <option name="DJANGO_STRING_LITERAL">
      <value>
        <option name="FOREGROUND" value="98C379" />
      </value>
    </option>
    <option name="DJANGO_TAG_NAME">
      <value>
        <option name="FOREGROUND" value="cd6069" />
      </value>
    </option>
    <option name="EDITORCONFIG_VARIABLE">
      <value>
        <option name="FOREGROUND" value="f14c4c" />
      </value>
    </option>
    <option name="EL.BOUNDS">
      <value>
        <option name="FOREGROUND" value="6495EE" />
      </value>
    </option>
    <option name="EL.IDENT">
      <value>
        <option name="FOREGROUND" value="cd6069" />
      </value>
    </option>
    <option name="EL.KEYWORD">
      <value>
        <option name="FOREGROUND" value="A78CFA" />
      </value>
    </option>
    <option name="ENUM_CONST">
      <value>
        <option name="FOREGROUND" value="FF8A4C" />
      </value>
    </option>
    <option name="ERRORS_ATTRIBUTES">
      <value>
        <option name="EFFECT_COLOR" value="ff0000" />
        <option name="ERROR_STRIPE_COLOR" value="ff0000" />
        <option name="EFFECT_TYPE" value="2" />
      </value>
    </option>
    <option name="EVALUATED_EXPRESSION_ATTRIBUTES">
      <value />
    </option>
    <option name="EVALUATED_EXPRESSION_EXECUTION_LINE_ATTRIBUTES">
      <value />
    </option>
    <option name="EXECUTIONPOINT_ATTRIBUTES">
      <value>
        <option name="FOREGROUND" value="0" />
        <option name="BACKGROUND" value="788cb4" />
      </value>
    </option>
    <option name="FIRST SYMBOL IN LIST">
      <value>
        <option name="FOREGROUND" value="B0B7C3" />
        <option name="FONT_TYPE" value="1" />
      </value>
    </option>
    <option name="FOLDED_TEXT_ATTRIBUTES">
      <value>
        <option name="FOREGROUND" value="B0B7C3" />
        <option name="BACKGROUND" value="598def" />
        <option name="EFFECT_TYPE" value="2" />
      </value>
    </option>
    <option name="FOLLOWED_HYPERLINK_ATTRIBUTES">
      <value>
        <option name="FOREGROUND" value="4283f5" />
        <option name="EFFECT_COLOR" value="4283f5" />
        <option name="EFFECT_TYPE" value="1" />
      </value>
    </option>
    <option name="GENERIC_SERVER_ERROR_OR_WARNING">
      <value>
        <option name="EFFECT_COLOR" value="E4BF7F" />
        <option name="ERROR_STRIPE_COLOR" value="E4BF7F" />
        <option name="EFFECT_TYPE" value="2" />
      </value>
    </option>
    <option name="GHERKIN_COMMENT">
      <value>
        <option name="FOREGROUND" value="676E95" />
        <option name="FONT_TYPE" value="2" />
      </value>
    </option>
    <option name="GHERKIN_OUTLINE_PARAMETER_SUBSTITUTION">
      <value>
        <option name="FOREGROUND" value="B0B7C3" />
      </value>
    </option>
    <option name="GHERKIN_PYSTRING">
      <value>
        <option name="FOREGROUND" value="98C379" />
      </value>
    </option>
    <option name="GHERKIN_REGEXP_PARAMETER">
      <value>
        <option name="FOREGROUND" value="98C379" />
      </value>
    </option>
    <option name="GHERKIN_TABLE_CELL">
      <value>
        <option name="FOREGROUND" value="B0B7C3" />
      </value>
    </option>
    <option name="GHERKIN_TABLE_HEADER_CELL">
      <value>
        <option name="FOREGROUND" value="B0B7C3" />
      </value>
    </option>
    <option name="GHERKIN_TABLE_PIPE">
      <value>
        <option name="FOREGROUND" value="CF68E1" />
      </value>
    </option>
    <option name="GHERKIN_TAG">
      <value>
        <option name="FOREGROUND" value="B0B7C3" />
      </value>
    </option>
    <option name="GHERKIN_TEXT">
      <value>
        <option name="FOREGROUND" value="B0B7C3" />
      </value>
    </option>
    <option name="GO_BLOCK_COMMENT">
      <value>
        <option name="FOREGROUND" value="676E95" />
        <option name="FONT_TYPE" value="2" />
      </value>
    </option>
    <option name="GO_BUILTIN_CONSTANT">
      <value>
        <option name="FOREGROUND" value="FF8A4C" />
      </value>
    </option>
    <option name="GO_BUILTIN_FUNCTION_CALL">
      <value>
        <option name="FOREGROUND" value="6495EE" />
      </value>
    </option>
    <option name="GO_BUILTIN_TYPE">
      <value>
        <option name="FOREGROUND" value="c88cdc" />
      </value>
    </option>
    <option name="GO_BUILTIN_VARIABLE">
      <value>
        <option name="FOREGROUND" value="B0B7C3" />
        <option name="FONT_TYPE" value="2" />
      </value>
    </option>
    <option name="GO_EXPORTED_FUNCTION">
      <value>
        <option name="FOREGROUND" value="6495EE" />
      </value>
    </option>
    <option name="GO_EXPORTED_FUNCTION_CALL">
      <value>
        <option name="FOREGROUND" value="6495EE" />
      </value>
    </option>
    <option name="GO_LINE_COMMENT">
      <value>
        <option name="FOREGROUND" value="676E95" />
        <option name="FONT_TYPE" value="2" />
      </value>
    </option>
    <option name="GO_LOCAL_CONSTANT">
      <value>
        <option name="FOREGROUND" value="FF8A4C" />
      </value>
    </option>
    <option name="GO_LOCAL_FUNCTION">
      <value>
        <option name="FOREGROUND" value="6495EE" />
      </value>
    </option>
    <option name="GO_LOCAL_FUNCTION_CALL">
      <value>
        <option name="FOREGROUND" value="6495EE" />
      </value>
    </option>
    <option name="GO_METHOD_RECEIVER">
      <value>
        <option name="FOREGROUND" value="B0B7C3" />
      </value>
    </option>
    <option name="GO_PACKAGE_EXPORTED_CONSTANT">
      <value>
        <option name="FOREGROUND" value="FF8A4C" />
      </value>
    </option>
    <option name="GO_PACKAGE_LOCAL_CONSTANT">
      <value>
        <option name="FOREGROUND" value="FF8A4C" />
      </value>
    </option>
    <option name="GQL_ID">
      <value>
        <option name="FOREGROUND" value="FF8A4C" />
      </value>
    </option>
    <option name="GQL_INT_LITERAL">
      <value>
        <option name="FOREGROUND" value="FF8A4C" />
      </value>
    </option>
    <option name="GQL_STRING_LITERAL">
      <value>
        <option name="FOREGROUND" value="98C379" />
      </value>
    </option>
    <option name="GRAMMAR_ERROR">
      <value>
        <option name="EFFECT_COLOR" value="f14c4c" />
        <option name="EFFECT_TYPE" value="2" />
      </value>
    </option>
    <option name="HAML_CLASS">
      <value>
        <option name="FOREGROUND" value="cd6069" />
      </value>
    </option>
    <option name="HAML_COMMENT">
      <value>
        <option name="FOREGROUND" value="676E95" />
        <option name="FONT_TYPE" value="2" />
      </value>
    </option>
    <option name="HAML_FILTER">
      <value>
        <option name="FOREGROUND" value="B0B7C3" />
      </value>
    </option>
    <option name="HAML_FILTER_CONTENT">
      <value>
        <option name="FOREGROUND" value="B0B7C3" />
      </value>
    </option>
    <option name="HAML_ID">
      <value>
        <option name="FOREGROUND" value="cd6069" />
      </value>
    </option>
    <option name="HAML_LINE_CONTINUATION">
      <value>
        <option name="FOREGROUND" value="B0B7C3" />
      </value>
    </option>
    <option name="HAML_RUBY_START">
      <value>
        <option name="FOREGROUND" value="B0B7C3" />
      </value>
    </option>
    <option name="HAML_STRING">
      <value>
        <option name="FOREGROUND" value="98C379" />
      </value>
    </option>
    <option name="HAML_STRING_INTERPOLATED">
      <value>
        <option name="FOREGROUND" value="98C379" />
      </value>
    </option>
    <option name="HAML_TAG">
      <value>
        <option name="FOREGROUND" value="8792AA" />
      </value>
    </option>
    <option name="HAML_TAG_NAME">
      <value>
        <option name="FOREGROUND" value="cd6069" />
      </value>
    </option>
    <option name="HAML_TEXT">
      <value>
        <option name="FOREGROUND" value="B0B7C3" />
      </value>
    </option>
    <option name="HAML_WS_REMOVAL">
      <value>
        <option name="FOREGROUND" value="B0B7C3" />
      </value>
    </option>
    <option name="HAML_XHTML">
      <value>
        <option name="FOREGROUND" value="B0B7C3" />
      </value>
    </option>
    <option name="HTML_ATTRIBUTE_NAME">
      <value>
        <option name="FOREGROUND" value="56B7C3" />
      </value>
    </option>
    <option name="HTML_ATTRIBUTE_VALUE">
      <value>
        <option name="FOREGROUND" value="98C379" />
        <option name="FONT_TYPE" value="1" />
      </value>
    </option>
    <option name="HTML_CODE">
      <value>
        <option name="FOREGROUND" value="B0B7C3" />
      </value>
    </option>
    <option name="HTML_COMMENT">
      <value>
        <option name="FOREGROUND" value="676E95" />
        <option name="FONT_TYPE" value="2" />
      </value>
    </option>
    <option name="HTML_ENTITY_REFERENCE">
      <value>
        <option name="FOREGROUND" value="8A97C3" />
        <option name="FONT_TYPE" value="1" />
      </value>
    </option>
    <option name="HTML_TAG">
      <value>
        <option name="FOREGROUND" value="8792AA" />
      </value>
    </option>
    <option name="HTML_TAG_NAME">
      <value>
        <option name="FOREGROUND" value="cd6069" />
      </value>
    </option>
    <option name="HYPERLINK_ATTRIBUTES">
      <value>
        <option name="FOREGROUND" value="4283f5" />
        <option name="FONT_TYPE" value="2" />
        <option name="EFFECT_COLOR" value="4283f5" />
        <option name="EFFECT_TYPE" value="1" />
      </value>
    </option>
    <option name="IDENTIFIER_UNDER_CARET_ATTRIBUTES">
      <value>
        <option name="BACKGROUND" value="145667" />
        <option name="ERROR_STRIPE_COLOR" value="145667" />
      </value>
    </option>
    <option name="INACTIVE_HYPERLINK_ATTRIBUTES">
      <value>
        <option name="FOREGROUND" value="4283f5" />
        <option name="EFFECT_COLOR" value="4283f5" />
        <option name="EFFECT_TYPE" value="1" />
      </value>
    </option>
    <option name="INFO_ATTRIBUTES">
      <value>
        <option name="EFFECT_COLOR" value="cccccc" />
        <option name="ERROR_STRIPE_COLOR" value="E4BF7F" />
        <option name="EFFECT_TYPE" value="2" />
      </value>
    </option>
    <option name="INI.SECTION">
      <value>
        <option name="FOREGROUND" value="c88cdc" />
      </value>
    </option>
    <option name="INLINE_PARAMETER_HINT">
      <value>
        <option name="FOREGROUND" value="E4BF7F" />
        <option name="BACKGROUND" value="23272F" />
      </value>
    </option>
    <option name="INLINE_PARAMETER_HINT_CURRENT">
      <value>
        <option name="FOREGROUND" value="E4BF7F" />
        <option name="BACKGROUND" value="23272F" />
      </value>
    </option>
    <option name="INLINE_PARAMETER_HINT_HIGHLIGHTED">
      <value>
        <option name="FOREGROUND" value="E4BF7F" />
        <option name="BACKGROUND" value="23272F" />
      </value>
    </option>
    <option name="INSTANCE_FIELD_ATTRIBUTES">
      <value>
        <option name="FOREGROUND" value="B0B7C3" />
      </value>
    </option>
    <option name="INTERFACE_NAME_ATTRIBUTES">
      <value>
        <option name="FOREGROUND" value="56B7C3" />
      </value>
    </option>
    <option name="IVAR">
      <value>
        <option name="FOREGROUND" value="B0B7C3" />
      </value>
    </option>
    <option name="JADE_FILE_PATH">
      <value>
        <option name="FOREGROUND" value="98C379" />
      </value>
    </option>
    <option name="JADE_TAG_CLASS">
      <value>
        <option name="FOREGROUND" value="ffc86e" />
      </value>
    </option>
    <option name="JADE_TAG_ID">
      <value>
        <option name="FOREGROUND" value="61afe1" />
      </value>
    </option>
    <option name="JAVA_BLOCK_COMMENT">
      <value>
        <option name="FOREGROUND" value="676E95" />
        <option name="FONT_TYPE" value="2" />
      </value>
    </option>
    <option name="JAVA_DOC_COMMENT">
      <value>
        <option name="FOREGROUND" value="676E95" />
        <option name="FONT_TYPE" value="2" />
      </value>
    </option>
    <option name="JAVA_DOC_MARKUP">
      <value>
        <option name="BACKGROUND" value="e2ffe2" />
      </value>
    </option>
    <option name="JAVA_DOC_TAG">
      <value>
        <option name="FOREGROUND" value="A78CFA" />
        <option name="FONT_TYPE" value="1" />
        <option name="EFFECT_COLOR" value="808080" />
        <option name="EFFECT_TYPE" value="1" />
      </value>
    </option>
    <option name="JAVA_INVALID_STRING_ESCAPE">
      <value>
        <option name="FOREGROUND" value="676E95" />
        <option name="EFFECT_COLOR" value="676E95" />
        <option name="EFFECT_TYPE" value="1" />
      </value>
    </option>
    <option name="JAVA_KEYWORD">
      <value>
        <option name="FOREGROUND" value="A78CFA" />
        <option name="FONT_TYPE" value="1" />
      </value>
    </option>
    <option name="JAVA_LINE_COMMENT">
      <value>
        <option name="FOREGROUND" value="676E95" />
        <option name="FONT_TYPE" value="2" />
      </value>
    </option>
    <option name="JAVA_NUMBER">
      <value>
        <option name="FOREGROUND" value="FF8A4C" />
      </value>
    </option>
    <option name="JAVA_OPERATION_SIGN">
      <value>
        <option name="FOREGROUND" value="717174" />
      </value>
    </option>
    <option name="JAVA_STRING">
      <value>
        <option name="FOREGROUND" value="98C379" />
      </value>
    </option>
    <option name="JAVA_VALID_STRING_ESCAPE">
      <value>
        <option name="FOREGROUND" value="8A97C3" />
      </value>
    </option>
    <option name="JS.ASYNC_AWAIT">
      <value />
    </option>
    <option name="JS.ATTRIBUTE">
      <value>
        <option name="BACKGROUND" value="423535" />
      </value>
    </option>
    <option name="JS.CONSTRUCTOR">
      <value />
    </option>
    <option name="JS.DOC_TAG">
      <value>
        <option name="FOREGROUND" value="A78CFA" />
      </value>
    </option>
    <option name="JS.DOC_TYPE">
      <value>
        <option name="FOREGROUND" value="FF6AB3" />
      </value>
    </option>
    <option name="JS.FUNCTION_ARROW">
      <value>
        <option name="FOREGROUND" value="6495EE" />
      </value>
    </option>
    <option name="JS.GET_SET">
      <value />
    </option>
    <option name="JS.GLOBAL_FUNCTION" baseAttributes="DEFAULT_FUNCTION_DECLARATION" />
    <option name="JS.GLOBAL_VARIABLE">
      <value>
        <option name="FOREGROUND" value="B0B7C3" />
        <option name="FONT_TYPE" value="2" />
      </value>
    </option>
    <option name="JS.INLINE">
      <value />
    </option>
    <option name="JS.INSTANCE_MEMBER_FUNCTION">
      <value>
        <option name="FOREGROUND" value="6495EE" />
      </value>
    </option>
    <option name="JS.KEYWORD">
      <value>
        <option name="FOREGROUND" value="A78CFA" />
      </value>
    </option>
    <option name="JS.LOCAL_VARIABLE">
      <value>
        <option name="FOREGROUND" value="B0B7C3" />
      </value>
    </option>
    <option name="JS.MODULE_NAME">
      <value>
        <option name="FOREGROUND" value="cd6069" />
      </value>
    </option>
    <option name="JS.PARAMETER">
      <value>
        <option name="FOREGROUND" value="E4BF7F" />
      </value>
    </option>
    <option name="JS.PRIMITIVE.TYPE">
      <value>
        <option name="FOREGROUND" value="FF6AB3" />
      </value>
    </option>
    <option name="JS.REGEXP">
      <value>
        <option name="FOREGROUND" value="98C379" />
      </value>
    </option>
    <option name="JSON.KEYWORD">
      <value>
        <option name="FOREGROUND" value="CF68E1" />
      </value>
    </option>
    <option name="JSON.PROPERTY_KEY">
      <value>
        <option name="FOREGROUND" value="cd6069" />
      </value>
    </option>
    <option name="JSONPATH.BOOLEAN">
      <value>
        <option name="FOREGROUND" value="CF68E1" />
      </value>
    </option>
    <option name="JSONPATH.KEYWORD">
      <value>
        <option name="FOREGROUND" value="A78CFA" />
      </value>
    </option>
    <option name="JSP_DIRECTIVE_BACKGROUND">
      <value>
        <option name="FOREGROUND" value="8792AA" />
      </value>
    </option>
    <option name="JSP_DIRECTIVE_NAME">
      <value>
        <option name="FOREGROUND" value="cd6069" />
      </value>
    </option>
    <option name="JSP_SCRIPTING_BACKGROUND">
      <value>
        <option name="FOREGROUND" value="B0B7C3" />
      </value>
    </option>
    <option name="JUPYTER_SELECTED_CELL">
      <value>
        <option name="FOREGROUND" value="61afe1" />
      </value>
    </option>
    <option name="KOTLIN_ABSTRACT_CLASS">
      <value>
        <option name="FOREGROUND" value="56B7C3" />
        <option name="FONT_TYPE" value="2" />
      </value>
    </option>
    <option name="KOTLIN_ANNOTATION">
      <value>
        <option name="FOREGROUND" value="6495EE" />
      </value>
    </option>
    <option name="KOTLIN_ARROW">
      <value>
        <option name="FOREGROUND" value="56B7C3" />
      </value>
    </option>
    <option name="KOTLIN_BACKING_FIELD_VARIABLE">
      <value>
        <option name="FOREGROUND" value="B0B7C3" />
      </value>
    </option>
    <option name="KOTLIN_CLOSURE_DEFAULT_PARAMETER">
      <value>
        <option name="FOREGROUND" value="ffc86e" />
      </value>
    </option>
    <option name="KOTLIN_DOUBLE_COLON">
      <value>
        <option name="FOREGROUND" value="56B7C3" />
      </value>
    </option>
    <option name="KOTLIN_DYNAMIC_FUNCTION_CALL">
      <value>
        <option name="FOREGROUND" value="6495EE" />
        <option name="FONT_TYPE" value="2" />
      </value>
    </option>
    <option name="KOTLIN_DYNAMIC_PROPERTY_CALL">
      <value>
        <option name="FOREGROUND" value="cd6069" />
        <option name="FONT_TYPE" value="2" />
      </value>
    </option>
    <option name="KOTLIN_ENUM_ENTRY">
      <value>
        <option name="FOREGROUND" value="FF8A4C" />
      </value>
    </option>
    <option name="KOTLIN_EXCLEXCL">
      <value>
        <option name="FOREGROUND" value="CF68E1" />
      </value>
    </option>
    <option name="KOTLIN_EXTENSION_PROPERTY">
      <value>
        <option name="FOREGROUND" value="cd6069" />
      </value>
    </option>
    <option name="KOTLIN_FUNCTION_LITERAL_BRACES_AND_ARROW">
      <value />
    </option>
    <option name="KOTLIN_KEYWORD">
      <value>
        <option name="FOREGROUND" value="A78CFA" />
      </value>
    </option>
    <option name="KOTLIN_KEYWORD_VAL">
      <value>
        <option name="FOREGROUND" value="A78CFA" />
      </value>
    </option>
    <option name="KOTLIN_KEYWORD_VAR">
      <value>
        <option name="FOREGROUND" value="A78CFA" />
      </value>
    </option>
    <option name="KOTLIN_LABEL" baseAttributes="DEFAULT_LABEL" />
    <option name="KOTLIN_MUTABLE_VARIABLE">
      <value>
        <option name="FOREGROUND" value="61afe1" />
      </value>
    </option>
    <option name="KOTLIN_NAMED_ARGUMENT">
      <value>
        <option name="FOREGROUND" value="ffc86e" />
      </value>
    </option>
    <option name="KOTLIN_OBJECT">
      <value>
        <option name="FOREGROUND" value="B0B7C3" />
      </value>
    </option>
    <option name="KOTLIN_PACKAGE_PROPERTY">
      <value>
        <option name="FOREGROUND" value="cd6069" />
      </value>
    </option>
    <option name="KOTLIN_QUEST">
      <value>
        <option name="FOREGROUND" value="CF68E1" />
      </value>
    </option>
    <option name="KOTLIN_SAFE_ACCESS">
      <value>
        <option name="FOREGROUND" value="CF68E1" />
      </value>
    </option>
    <option name="KOTLIN_SMART_CAST_RECEIVER">
      <value />
    </option>
    <option name="KOTLIN_SMART_CAST_VALUE">
      <value />
    </option>
    <option name="KOTLIN_SMART_CONSTANT">
      <value />
    </option>
    <option name="KOTLIN_SYNTHETIC_EXTENSION_PROPERTY">
      <value>
        <option name="FOREGROUND" value="cd6069" />
      </value>
    </option>
    <option name="KOTLIN_TYPE_ALIAS">
      <value>
        <option name="FOREGROUND" value="ffc86e" />
        <option name="FONT_TYPE" value="2" />
      </value>
    </option>
    <option name="KOTLIN_VARIABLE_AS_FUNCTION_LIKE">
      <value>
        <option name="FOREGROUND" value="61afe1" />
      </value>
    </option>
    <option name="LABEL">
      <value>
        <option name="FOREGROUND" value="c88cdc" />
      </value>
    </option>
    <option name="LESS_JS_CODE_DELIM">
      <value>
        <option name="FOREGROUND" value="B0B7C3" />
      </value>
    </option>
    <option name="LESS_KEYWORD">
      <value>
        <option name="FOREGROUND" value="A78CFA" />
      </value>
    </option>
    <option name="LESS_OPERATORS">
      <value>
        <option name="FOREGROUND" value="56B7C3" />
      </value>
    </option>
    <option name="LESS_PROPERTY_NAME">
      <value>
        <option name="FOREGROUND" value="8A97C3" />
      </value>
    </option>
    <option name="LESS_VARIABLE">
      <value>
        <option name="FOREGROUND" value="E4BF7F" />
      </value>
    </option>
    <option name="LINE_FULL_COVERAGE">
      <value>
        <option name="FOREGROUND" value="405040" />
      </value>
    </option>
    <option name="LINE_NONE_COVERAGE">
      <value>
        <option name="FOREGROUND" value="553333" />
      </value>
    </option>
    <option name="LINE_PARTIAL_COVERAGE">
      <value>
        <option name="FOREGROUND" value="205562" />
      </value>
    </option>
    <option name="LIVE_TEMPLATE_ATTRIBUTES">
      <value>
        <option name="EFFECT_COLOR" value="F02B77" />
      </value>
    </option>
    <option name="LOCALE.MSGCTXT_KEYWORD">
      <value>
        <option name="FOREGROUND" value="c88cdc" />
      </value>
    </option>
    <option name="LOCALE.MSGID_KEYWORD">
      <value>
        <option name="FOREGROUND" value="c88cdc" />
      </value>
    </option>
    <option name="LOCALE.MSGID_PLURAL_KEYWORD">
      <value>
        <option name="FOREGROUND" value="c88cdc" />
      </value>
    </option>
    <option name="LOCALE.MSGSTR_KEYWORD">
      <value>
        <option name="FOREGROUND" value="c88cdc" />
      </value>
    </option>
    <option name="LOCALE.MSGSTR_PLURAL_KEYWORD">
      <value>
        <option name="FOREGROUND" value="c88cdc" />
      </value>
    </option>
    <option name="LOG_DEBUG_OUTPUT">
      <value>
        <option name="FOREGROUND" value="E51400" />
      </value>
    </option>
    <option name="LOG_ERROR_OUTPUT">
      <value>
        <option name="FOREGROUND" value="E51400" />
      </value>
    </option>
    <option name="LOG_EXPIRED_ENTRY">
      <value>
        <option name="FOREGROUND" value="B0B7C3" />
      </value>
    </option>
    <option name="LOG_INFO_OUTPUT">
      <value>
        <option name="FOREGROUND" value="4480f4" />
      </value>
    </option>
    <option name="LOG_VERBOSE_OUTPUT">
      <value>
        <option name="FOREGROUND" value="676E95" />
      </value>
    </option>
    <option name="LOG_WARNING_OUTPUT">
      <value>
        <option name="FOREGROUND" value="E4BF7F" />
      </value>
    </option>
    <option name="LOMBOK_KEY">
      <value>
        <option name="FOREGROUND" value="A78CFA" />
      </value>
    </option>
    <option name="List/map to object conversion">
      <value>
        <option name="FOREGROUND" value="61afe1" />
      </value>
    </option>
    <option name="MACRONAME">
      <value>
        <option name="FOREGROUND" value="6495EE" />
      </value>
    </option>
    <option name="MAGIC_MEMBER_ACCESS">
      <value>
        <option name="FOREGROUND" value="ffc86e" />
      </value>
    </option>
    <option name="MAKO.TAG">
      <value>
        <option name="FOREGROUND" value="ffc86e" />
      </value>
    </option>
    <option name="MARKDOWN_AUTO_LINK">
      <value>
        <option name="FOREGROUND" value="98C379" />
        <option name="EFFECT_TYPE" value="1" />
      </value>
    </option>
    <option name="MARKDOWN_BOLD">
      <value>
        <option name="FOREGROUND" value="E4BF7F" />
        <option name="FONT_TYPE" value="1" />
      </value>
    </option>
    <option name="MARKDOWN_BOLD_MARKER">
      <value>
        <option name="FOREGROUND" value="E4BF7F" />
      </value>
    </option>
    <option name="MARKDOWN_CODE_SPAN">
      <value>
        <option name="FOREGROUND" value="4EC150" />
      </value>
    </option>
    <option name="MARKDOWN_CODE_SPAN_MARKER">
      <value>
        <option name="FOREGROUND" value="4EC150" />
      </value>
    </option>
    <option name="MARKDOWN_HEADER_LEVEL_1">
      <value>
        <option name="FOREGROUND" value="cd6069" />
      </value>
    </option>
    <option name="MARKDOWN_HEADER_LEVEL_2">
      <value>
        <option name="FOREGROUND" value="cd6069" />
      </value>
    </option>
    <option name="MARKDOWN_HEADER_LEVEL_3">
      <value>
        <option name="FOREGROUND" value="cd6069" />
      </value>
    </option>
    <option name="MARKDOWN_HEADER_LEVEL_4">
      <value>
        <option name="FOREGROUND" value="cd6069" />
      </value>
    </option>
    <option name="MARKDOWN_HEADER_LEVEL_5">
      <value>
        <option name="FOREGROUND" value="cd6069" />
      </value>
    </option>
    <option name="MARKDOWN_HEADER_LEVEL_6">
      <value>
        <option name="FOREGROUND" value="cd6069" />
      </value>
    </option>
    <option name="MARKDOWN_IMAGE">
      <value />
    </option>
    <option name="MARKDOWN_ITALIC">
      <value>
        <option name="FOREGROUND" value="c57bdb" />
        <option name="FONT_TYPE" value="2" />
      </value>
    </option>
    <option name="MARKDOWN_ITALIC_MARKER">
      <value>
        <option name="FOREGROUND" value="c57bdb" />
      </value>
    </option>
    <option name="MARKDOWN_LINK_DESTINATION">
      <value>
        <option name="FOREGROUND" value="98C379" />
      </value>
    </option>
    <option name="MARKDOWN_LINK_LABEL">
      <value>
        <option name="FOREGROUND" value="56B7C3" />
      </value>
    </option>
    <option name="MARKDOWN_LINK_TEXT">
      <value>
        <option name="FOREGROUND" value="6495EE" />
        <option name="EFFECT_TYPE" value="1" />
      </value>
    </option>
    <option name="MARKDOWN_LINK_TITLE">
      <value>
        <option name="FOREGROUND" value="6495EE" />
      </value>
    </option>
    <option name="MARKDOWN_TABLE_SEPARATOR">
      <value>
        <option name="FOREGROUND" value="808080" />
      </value>
    </option>
    <option name="MARKED_FOR_REMOVAL_ATTRIBUTES">
      <value>
        <option name="FOREGROUND" value="676E95" />
        <option name="EFFECT_COLOR" value="676E95" />
        <option name="EFFECT_TYPE" value="3" />
      </value>
    </option>
    <option name="MATCHED_BRACE_ATTRIBUTES">
      <value>
        <option name="BACKGROUND" value="7b524b" />
      </value>
    </option>
    <option name="MESSAGE_ARGUMENT">
      <value>
        <option name="FOREGROUND" value="61afe1" />
      </value>
    </option>
    <option name="MT_DIRECTORIES">
      <value>
        <option name="FOREGROUND" value="afb9c3" />
        <option name="BACKGROUND" value="282c34" />
      </value>
    </option>
    <option name="NG.BANANA_BINDING_ATTR_NAME">
      <value>
        <option name="FOREGROUND" value="B0B7C3" />
      </value>
    </option>
    <option name="NG.EVENT_BINDING_ATTR_NAME">
      <value>
        <option name="FOREGROUND" value="56B7C3" />
      </value>
    </option>
    <option name="NG.EXPANSION_FORM_COMMA">
      <value>
        <option name="FOREGROUND" value="a4a5aa" />
      </value>
    </option>
    <option name="NG.EXPANSION_FORM_DELIMITERS">
      <value>
        <option name="FOREGROUND" value="717174" />
      </value>
    </option>
    <option name="NG.EXPRESSIONS">
      <value>
        <option name="FOREGROUND" value="B0B7C3" />
      </value>
    </option>
    <option name="NG.PROPERTY_BINDING_ATTR_NAME">
      <value>
        <option name="FOREGROUND" value="56B7C3" />
      </value>
    </option>
    <option name="NG.SCRIPT_DELIMITERS">
      <value>
        <option name="FOREGROUND" value="6495EE" />
      </value>
    </option>
    <option name="NG.TEMPLATE_BINDINGS_ATTR_NAME">
      <value>
        <option name="FOREGROUND" value="CF68E1" />
      </value>
    </option>
    <option name="NOT_USED_ELEMENT_ATTRIBUTES">
      <value>
        <option name="FOREGROUND" value="676E95" />
        <option name="EFFECT_COLOR" value="676E95" />
        <option name="EFFECT_TYPE" value="3" />
      </value>
    </option>
    <option name="OC.BADCHARACTER">
      <value>
        <option name="FOREGROUND" value="676E95" />
        <option name="EFFECT_COLOR" value="676E95" />
        <option name="EFFECT_TYPE" value="1" />
      </value>
    </option>
    <option name="OC.BLOCK_COMMENT">
      <value>
        <option name="FOREGROUND" value="676E95" />
        <option name="FONT_TYPE" value="2" />
      </value>
    </option>
    <option name="OC.CLASS_REFERENCE">
      <value>
        <option name="FOREGROUND" value="ffc86e" />
      </value>
    </option>
    <option name="OC.CONDITIONALLY_NOT_COMPILED">
      <value>
        <option name="FOREGROUND" value="808080" />
      </value>
    </option>
    <option name="OC.DIRECTIVE">
      <value>
        <option name="FOREGROUND" value="A78CFA" />
      </value>
    </option>
    <option name="OC.EXTERN_VARIABLE">
      <value>
        <option name="FOREGROUND" value="B0B7C3" />
      </value>
    </option>
    <option name="OC.GLOBAL_VARIABLE">
      <value>
        <option name="FOREGROUND" value="B0B7C3" />
      </value>
    </option>
    <option name="OC.LABEL">
      <value>
        <option name="FOREGROUND" value="afb9c3" />
        <option name="FONT_TYPE" value="1" />
      </value>
    </option>
    <option name="OC.LINE_COMMENT">
      <value>
        <option name="FOREGROUND" value="676E95" />
        <option name="FONT_TYPE" value="2" />
      </value>
    </option>
    <option name="OC.LOCAL_VARIABLE">
      <value>
        <option name="FOREGROUND" value="B0B7C3" />
      </value>
    </option>
    <option name="OC.MACRONAME">
      <value>
        <option name="FOREGROUND" value="B0B7C3" />
      </value>
    </option>
    <option name="OC.MACRO_PARAMETER">
      <value>
        <option name="FOREGROUND" value="ffc86e" />
      </value>
    </option>
    <option name="OC.MESSAGE_ARGUMENT">
      <value>
        <option name="FOREGROUND" value="6495EE" />
      </value>
    </option>
    <option name="OC.METHOD_DECLARATION">
      <value>
        <option name="FOREGROUND" value="6495EE" />
      </value>
    </option>
    <option name="OC.NUMBER">
      <value>
        <option name="FOREGROUND" value="FF8A4C" />
      </value>
    </option>
    <option name="OC.OVERLOADED_OPERATOR">
      <value />
    </option>
    <option name="OC.PARAMETER">
      <value>
        <option name="FOREGROUND" value="E4BF7F" />
      </value>
    </option>
    <option name="OC.PROPERTY">
      <value>
        <option name="FOREGROUND" value="B0B7C3" />
      </value>
    </option>
    <option name="OC.PROPERTY_ATTRIBUTE">
      <value>
        <option name="FOREGROUND" value="ffc86e" />
      </value>
    </option>
    <option name="OC.PROTOCOL_REFERENCE">
      <value>
        <option name="FOREGROUND" value="ffc86e" />
      </value>
    </option>
    <option name="OC.SELFSUPERTHIS">
      <value>
        <option name="FOREGROUND" value="B0B7C3" />
      </value>
    </option>
    <option name="OC.STRING">
      <value>
        <option name="FOREGROUND" value="98C379" />
      </value>
    </option>
    <option name="OC.STRUCT_FIELD">
      <value>
        <option name="FOREGROUND" value="FF8A4C" />
      </value>
    </option>
    <option name="OC.STRUCT_LIKE">
      <value>
        <option name="FOREGROUND" value="ffc86e" />
      </value>
    </option>
    <option name="OC.TYPEDEF">
      <value>
        <option name="FOREGROUND" value="ffc86e" />
      </value>
    </option>
    <option name="OC_FORMAT_TOKEN">
      <value>
        <option name="FOREGROUND" value="98C379" />
      </value>
    </option>
    <option name="PHP_ALIAS_REFERENCE">
      <value>
        <option name="FOREGROUND" value="ffc86e" />
        <option name="FONT_TYPE" value="2" />
      </value>
    </option>
    <option name="PHP_HEREDOC_ID">
      <value>
        <option name="FOREGROUND" value="c88cdc" />
      </value>
    </option>
    <option name="PHP_PARAMETER">
      <value>
        <option name="FOREGROUND" value="E4BF7F" />
      </value>
    </option>
    <option name="PHP_SCRIPTING_BACKGROUND">
      <value />
    </option>
    <option name="PHP_VAR">
      <value>
        <option name="FOREGROUND" value="B0B7C3" />
      </value>
    </option>
    <option name="POST_CSS_PROPERTY_NAME">
      <value>
        <option name="FOREGROUND" value="8A97C3" />
      </value>
    </option>
    <option name="PROPERTIES.KEY">
      <value>
        <option name="FOREGROUND" value="cd6069" />
      </value>
    </option>
    <option name="PROTOCOL_REFERENCE">
      <value>
        <option name="FOREGROUND" value="6495EE" />
      </value>
    </option>
    <option name="PROTOTEXT_IDENTIFIER">
      <value>
        <option name="FOREGROUND" value="cd6069" />
      </value>
    </option>
    <option name="PROTO_KEYWORD">
      <value>
        <option name="FOREGROUND" value="A78CFA" />
      </value>
    </option>
    <option name="PUPPET_BAD_CHARACTER">
      <value>
        <option name="FOREGROUND" value="676E95" />
      </value>
    </option>
    <option name="PUPPET_BLOCK_COMMENT">
      <value>
        <option name="FOREGROUND" value="676E95" />
        <option name="FONT_TYPE" value="2" />
      </value>
    </option>
    <option name="PUPPET_BRACKETS">
      <value>
        <option name="FOREGROUND" value="B0B7C3" />
      </value>
    </option>
    <option name="PUPPET_CLASS">
      <value>
        <option name="FOREGROUND" value="56B7C3" />
      </value>
    </option>
    <option name="PUPPET_ESCAPE_SEQUENCE">
      <value>
        <option name="FOREGROUND" value="8A97C3" />
      </value>
    </option>
    <option name="PUPPET_HEREDOC_TAGS">
      <value>
        <option name="FOREGROUND" value="4EC150" />
      </value>
    </option>
    <option name="PUPPET_KEYWORD">
      <value>
        <option name="FOREGROUND" value="CF68E1" />
      </value>
    </option>
    <option name="PUPPET_NUMBER">
      <value>
        <option name="FOREGROUND" value="FF8A4C" />
      </value>
    </option>
    <option name="PUPPET_OPERATION_SIGN">
      <value>
        <option name="FOREGROUND" value="B0B7C3" />
      </value>
    </option>
    <option name="PUPPET_REGEX">
      <value>
        <option name="FOREGROUND" value="98C379" />
      </value>
    </option>
    <option name="PUPPET_SQ_STRING">
      <value>
        <option name="FOREGROUND" value="98C379" />
      </value>
    </option>
    <option name="PUPPET_STRING">
      <value>
        <option name="FOREGROUND" value="98C379" />
      </value>
    </option>
    <option name="PUPPET_VARIABLE">
      <value>
        <option name="FOREGROUND" value="B0B7C3" />
      </value>
    </option>
    <option name="PUPPET_VARIABLE_INTERPOLATION">
      <value>
        <option name="FOREGROUND" value="98C379" />
      </value>
    </option>
    <option name="PY.ANNOTATION">
      <value>
        <option name="FOREGROUND" value="ffc86e" />
      </value>
    </option>
    <option name="PY.BUILTIN_NAME">
      <value>
        <option name="FOREGROUND" value="6495EE" />
      </value>
    </option>
    <option name="PY.CLASS_DEFINITION">
      <value>
        <option name="FOREGROUND" value="6495EE" />
      </value>
    </option>
    <option name="PY.DECORATOR">
      <value>
        <option name="FOREGROUND" value="6495EE" />
      </value>
    </option>
    <option name="PY.DOC_COMMENT">
      <value>
        <option name="FOREGROUND" value="676E95" />
        <option name="FONT_TYPE" value="2" />
      </value>
    </option>
    <option name="PY.FUNC_DEFINITION">
      <value>
        <option name="FOREGROUND" value="6495EE" />
      </value>
    </option>
    <option name="PY.INVALID_STRING_ESCAPE">
      <value>
        <option name="FOREGROUND" value="676E95" />
      </value>
    </option>
    <option name="PY.KEYWORD_ARGUMENT">
      <value>
        <option name="FOREGROUND" value="E4BF7F" />
      </value>
    </option>
    <option name="PY.LINE_COMMENT">
      <value>
        <option name="FOREGROUND" value="676E95" />
        <option name="FONT_TYPE" value="2" />
      </value>
    </option>
    <option name="PY.NUMBER">
      <value>
        <option name="FOREGROUND" value="FF8A4C" />
      </value>
    </option>
    <option name="PY.OPERATION_SIGN">
      <value>
        <option name="FOREGROUND" value="56B7C3" />
      </value>
    </option>
    <option name="PY.PREDEFINED_USAGE">
      <value>
        <option name="FOREGROUND" value="6495EE" />
      </value>
    </option>
    <option name="PY.SELF_PARAMETER">
      <value>
        <option name="FOREGROUND" value="c88cdc" />
      </value>
    </option>
    <option name="PY.STRING">
      <value>
        <option name="FOREGROUND" value="98C379" />
      </value>
    </option>
    <option name="PY.VALID_STRING_ESCAPE">
      <value>
        <option name="FOREGROUND" value="8A97C3" />
      </value>
    </option>
    <option name="QL_KEYWORD">
      <value>
        <option name="FOREGROUND" value="A78CFA" />
      </value>
    </option>
    <option name="QUTE_BOOLEAN">
      <value>
        <option name="FOREGROUND" value="CF68E1" />
      </value>
    </option>
    <option name="QUTE_SECONDARY_KEYWORD">
      <value>
        <option name="FOREGROUND" value="CF68E1" />
      </value>
    </option>
    <option name="QUTE_TAG_NAME">
      <value>
        <option name="FOREGROUND" value="CF68E1" />
      </value>
    </option>
    <option name="RDOC_DIRECTIVE">
      <value>
        <option name="FOREGROUND" value="50b4be" />
      </value>
    </option>
    <option name="RDOC_EMAIL">
      <value>
        <option name="FOREGROUND" value="c88cdc" />
      </value>
    </option>
    <option name="RDOC_HEADINGS">
      <value>
        <option name="FOREGROUND" value="50b4be" />
      </value>
    </option>
    <option name="RDOC_IDENTIFIER">
      <value>
        <option name="FOREGROUND" value="f14c4c" />
      </value>
    </option>
    <option name="RDOC_KEYWORD">
      <value>
        <option name="FOREGROUND" value="c88cdc" />
      </value>
    </option>
    <option name="RDOC_URL">
      <value>
        <option name="FOREGROUND" value="61afe1" />
      </value>
    </option>
    <option name="REGEXP.BRACES">
      <value>
        <option name="FOREGROUND" value="E4BF7F" />
      </value>
    </option>
    <option name="REGEXP.BRACKETS">
      <value>
        <option name="FOREGROUND" value="838fa7" />
      </value>
    </option>
    <option name="REGEXP.CHARACTER">
      <value>
        <option name="FOREGROUND" value="FF8A4C" />
      </value>
    </option>
    <option name="REGEXP.CHAR_CLASS">
      <value>
        <option name="FOREGROUND" value="FF8A4C" />
      </value>
    </option>
    <option name="REGEXP.META">
      <value>
        <option name="FOREGROUND" value="E4BF7F" />
      </value>
    </option>
    <option name="REGEXP.NAME">
      <value>
        <option name="FOREGROUND" value="98C379" />
      </value>
    </option>
    <option name="REGEXP.OPTIONS">
      <value>
        <option name="FOREGROUND" value="98C379" />
      </value>
    </option>
    <option name="REGEXP.PARENTHS">
      <value>
        <option name="FOREGROUND" value="98C379" />
      </value>
    </option>
    <option name="REGEXP.QUANTIFIER">
      <value>
        <option name="FOREGROUND" value="E4BF7F" />
      </value>
    </option>
    <option name="REST.BOLD">
      <value>
        <option name="FONT_TYPE" value="1" />
      </value>
    </option>
    <option name="REST.EXPLICIT">
      <value>
        <option name="FOREGROUND" value="c88cdc" />
      </value>
    </option>
    <option name="REST.FIELD">
      <value>
        <option name="FOREGROUND" value="c88cdc" />
      </value>
    </option>
    <option name="REST.FIXED">
      <value>
        <option name="BACKGROUND" value="282c34" />
      </value>
    </option>
    <option name="REST.INLINE">
      <value>
        <option name="BACKGROUND" value="edfced" />
      </value>
    </option>
    <option name="REST.INTERPRETED">
      <value>
        <option name="BACKGROUND" value="3c4b33" />
      </value>
    </option>
    <option name="REST.ITALIC">
      <value>
        <option name="FONT_TYPE" value="2" />
      </value>
    </option>
    <option name="REST.LINE_COMMENT">
      <value>
        <option name="FOREGROUND" value="676E95" />
        <option name="FONT_TYPE" value="2" />
      </value>
    </option>
    <option name="REST.REF.NAME">
      <value>
        <option name="FOREGROUND" value="98C379" />
      </value>
    </option>
    <option name="REST.SECTION.HEADER">
      <value>
        <option name="FOREGROUND" value="50b4be" />
      </value>
    </option>
    <option name="RHTML_COMMENT_ID">
      <value>
        <option name="FOREGROUND" value="676E95" />
        <option name="FONT_TYPE" value="2" />
      </value>
    </option>
    <option name="RHTML_EXPRESSION_END_ID">
      <value>
        <option name="FOREGROUND" value="ffc86e" />
      </value>
    </option>
    <option name="RHTML_EXPRESSION_START_ID">
      <value>
        <option name="FOREGROUND" value="ffc86e" />
      </value>
    </option>
    <option name="RHTML_OMIT_NEW_LINE_ID">
      <value>
        <option name="FOREGROUND" value="8792AA" />
      </value>
    </option>
    <option name="RHTML_SCRIPTLET_END_ID">
      <value>
        <option name="FOREGROUND" value="8792AA" />
      </value>
    </option>
    <option name="RHTML_SCRIPTLET_START_ID">
      <value>
        <option name="FOREGROUND" value="8792AA" />
      </value>
    </option>
    <option name="RUBY_BAD_CHARACTER">
      <value>
        <option name="FOREGROUND" value="676E95" />
        <option name="EFFECT_COLOR" value="676E95" />
        <option name="EFFECT_TYPE" value="1" />
      </value>
    </option>
    <option name="RUBY_COMMA">
      <value>
        <option name="FOREGROUND" value="8792AA" />
      </value>
    </option>
    <option name="RUBY_COMMENT">
      <value>
        <option name="FOREGROUND" value="676E95" />
        <option name="FONT_TYPE" value="2" />
      </value>
    </option>
    <option name="RUBY_CONSTANT">
      <value>
        <option name="FOREGROUND" value="FF8A4C" />
      </value>
    </option>
    <option name="RUBY_CONSTANT_DECLARATION">
      <value>
        <option name="FOREGROUND" value="56B7C3" />
      </value>
    </option>
    <option name="RUBY_CVAR">
      <value>
        <option name="FOREGROUND" value="B0B7C3" />
      </value>
    </option>
    <option name="RUBY_DOT">
      <value>
        <option name="FOREGROUND" value="B0B7C3" />
        <option name="FONT_TYPE" value="1" />
      </value>
    </option>
    <option name="RUBY_ESCAPE_SEQUENCE">
      <value>
        <option name="FOREGROUND" value="8A97C3" />
      </value>
    </option>
    <option name="RUBY_EXPR_IN_STRING">
      <value>
        <option name="FOREGROUND" value="98C379" />
      </value>
    </option>
    <option name="RUBY_GVAR">
      <value>
        <option name="FOREGROUND" value="B0B7C3" />
      </value>
    </option>
    <option name="RUBY_HASH_ASSOC">
      <value>
        <option name="FOREGROUND" value="8E99B1" />
      </value>
    </option>
    <option name="RUBY_HEREDOC_CONTENT">
      <value>
        <option name="FOREGROUND" value="98C379" />
      </value>
    </option>
    <option name="RUBY_HEREDOC_ID">
      <value>
        <option name="FOREGROUND" value="98C379" />
      </value>
    </option>
    <option name="RUBY_IDENTIFIER">
      <value>
        <option name="FOREGROUND" value="B0B7C3" />
      </value>
    </option>
    <option name="RUBY_INTERPOLATED_STRING">
      <value>
        <option name="FOREGROUND" value="98C379" />
      </value>
    </option>
    <option name="RUBY_INVALID_ESCAPE_SEQUENCE">
      <value>
        <option name="FOREGROUND" value="676E95" />
      </value>
    </option>
    <option name="RUBY_IVAR">
      <value>
        <option name="FOREGROUND" value="B0B7C3" />
      </value>
    </option>
    <option name="RUBY_LINE_CONTINUATION">
      <value>
        <option name="FOREGROUND" value="56B7C3" />
      </value>
    </option>
    <option name="RUBY_LOCAL_VAR_ID">
      <value>
        <option name="FOREGROUND" value="B0B7C3" />
      </value>
    </option>
    <option name="RUBY_METHOD_NAME">
      <value>
        <option name="FOREGROUND" value="6495EE" />
      </value>
    </option>
    <option name="RUBY_NUMBER">
      <value>
        <option name="FOREGROUND" value="FF8A4C" />
      </value>
    </option>
    <option name="RUBY_OPERATION_SIGN">
      <value>
        <option name="FOREGROUND" value="56B7C3" />
      </value>
    </option>
    <option name="RUBY_PARAMDEF_CALL">
      <value>
        <option name="FOREGROUND" value="6495EE" />
      </value>
    </option>
    <option name="RUBY_PARAMETER_ID">
      <value>
        <option name="FOREGROUND" value="E4BF7F" />
      </value>
    </option>
    <option name="RUBY_REGEXP">
      <value>
        <option name="FOREGROUND" value="98C379" />
      </value>
    </option>
    <option name="RUBY_SEMICOLON">
      <value>
        <option name="FOREGROUND" value="676E95" />
      </value>
    </option>
    <option name="RUBY_SPECIFIC_CALL">
      <value>
        <option name="FOREGROUND" value="B0B7C3" />
      </value>
    </option>
    <option name="RUBY_STRING">
      <value>
        <option name="FOREGROUND" value="98C379" />
      </value>
    </option>
    <option name="RUBY_SYMBOL">
      <value>
        <option name="FOREGROUND" value="FF8A4C" />
      </value>
    </option>
    <option name="RUBY_WORDS">
      <value>
        <option name="FOREGROUND" value="98C379" />
      </value>
    </option>
    <option name="RUNTIME_ERROR">
      <value>
        <option name="EFFECT_COLOR" value="E4BF7F" />
        <option name="ERROR_STRIPE_COLOR" value="E51400" />
      </value>
    </option>
    <option name="SASS_COMMENT">
      <value>
        <option name="FOREGROUND" value="676E95" />
        <option name="FONT_TYPE" value="2" />
      </value>
    </option>
    <option name="SASS_DEFAULT">
      <value>
        <option name="FOREGROUND" value="F02B77" />
      </value>
    </option>
    <option name="SASS_DOT">
      <value>
        <option name="FOREGROUND" value="98C379" />
      </value>
    </option>
    <option name="SASS_EXTEND">
      <value>
        <option name="FOREGROUND" value="A78CFA" />
      </value>
    </option>
    <option name="SASS_FUNCTION">
      <value>
        <option name="FOREGROUND" value="c57bdb" />
      </value>
    </option>
    <option name="SASS_IDENTIFIER">
      <value>
        <option name="FOREGROUND" value="98C379" />
      </value>
    </option>
    <option name="SASS_IMPORTANT">
      <value>
        <option name="FOREGROUND" value="F02B77" />
      </value>
    </option>
    <option name="SASS_INTERPOLATION">
      <value>
        <option name="FOREGROUND" value="6495EE" />
      </value>
    </option>
    <option name="SASS_KEYWORD">
      <value>
        <option name="FOREGROUND" value="CF68E1" />
      </value>
    </option>
    <option name="SASS_MIXIN">
      <value>
        <option name="FOREGROUND" value="56B7C3" />
      </value>
    </option>
    <option name="SASS_NUMBER">
      <value>
        <option name="FOREGROUND" value="FF8A4C" />
      </value>
    </option>
    <option name="SASS_PROPERTY_NAME">
      <value>
        <option name="FOREGROUND" value="8A97C3" />
      </value>
    </option>
    <option name="SASS_PROPERTY_VALUE">
      <value>
        <option name="FOREGROUND" value="c57bdb" />
      </value>
    </option>
    <option name="SASS_PSEUDO">
      <value>
        <option name="FOREGROUND" value="8A97C3" />
      </value>
    </option>
    <option name="SASS_STRING">
      <value>
        <option name="FOREGROUND" value="98C379" />
      </value>
    </option>
    <option name="SASS_TAG_NAME">
      <value>
        <option name="FOREGROUND" value="cd6069" />
      </value>
    </option>
    <option name="SASS_URL">
      <value>
        <option name="FOREGROUND" value="c57bdb" />
      </value>
    </option>
    <option name="SASS_VARIABLE">
      <value>
        <option name="FOREGROUND" value="E4BF7F" />
      </value>
    </option>
    <option name="SEARCH_RESULT_ATTRIBUTES">
      <value>
        <option name="BACKGROUND" value="f8f900" />
        <option name="EFFECT_COLOR" value="f8f900" />
      </value>
    </option>
    <option name="SLIM_BAD_CHARACTER">
      <value>
        <option name="FOREGROUND" value="8E99B1" />
      </value>
    </option>
    <option name="SLIM_CALL">
      <value>
        <option name="FOREGROUND" value="B0B7C3" />
      </value>
    </option>
    <option name="SLIM_CLASS">
      <value>
        <option name="FOREGROUND" value="cd6069" />
      </value>
    </option>
    <option name="SLIM_COMMENT">
      <value>
        <option name="FOREGROUND" value="676E95" />
        <option name="FONT_TYPE" value="2" />
      </value>
    </option>
    <option name="SLIM_DOCTYPE_KWD">
      <value>
        <option name="FOREGROUND" value="cd6069" />
      </value>
    </option>
    <option name="SLIM_FILTER">
      <value>
        <option name="FOREGROUND" value="cd6069" />
      </value>
    </option>
    <option name="SLIM_FILTER_CONTENT">
      <value>
        <option name="FOREGROUND" value="B0B7C3" />
      </value>
    </option>
    <option name="SLIM_ID">
      <value>
        <option name="FOREGROUND" value="cd6069" />
      </value>
    </option>
    <option name="SLIM_INTERPOLATION">
      <value>
        <option name="FOREGROUND" value="98C379" />
      </value>
    </option>
    <option name="SLIM_STATIC_CONTENT">
      <value>
        <option name="FOREGROUND" value="B0B7C3" />
      </value>
    </option>
    <option name="SLIM_STRING_INTERPOLATED">
      <value>
        <option name="FOREGROUND" value="98C379" />
      </value>
    </option>
    <option name="SLIM_TAG">
      <value>
        <option name="FOREGROUND" value="cd6069" />
      </value>
    </option>
    <option name="SLIM_TAG_ATTR_KEY">
      <value>
        <option name="FOREGROUND" value="56B7C3" />
      </value>
    </option>
    <option name="SLIM_TAG_START">
      <value>
        <option name="FOREGROUND" value="8792AA" />
      </value>
    </option>
    <option name="SPEL.BOUNDS">
      <value>
        <option name="FOREGROUND" value="6495EE" />
      </value>
    </option>
    <option name="SPEL.COLON">
      <value>
        <option name="FOREGROUND" value="838fa7" />
      </value>
    </option>
    <option name="SPEL.KEYWORD">
      <value>
        <option name="FOREGROUND" value="CF68E1" />
      </value>
    </option>
    <option name="SPEL.STATIC_FIELD">
      <value>
        <option name="FOREGROUND" value="cd6069" />
      </value>
    </option>
    <option name="SPY-JS.EXCEPTION">
      <value>
        <option name="BACKGROUND" value="fecccc" />
        <option name="EFFECT_COLOR" value="B0B7C3" />
        <option name="EFFECT_TYPE" value="2" />
      </value>
    </option>
    <option name="SPY-JS.FUNCTION_SCOPE">
      <value>
        <option name="BACKGROUND" value="fefef0" />
        <option name="EFFECT_COLOR" value="B0B7C3" />
        <option name="EFFECT_TYPE" value="2" />
      </value>
    </option>
    <option name="SPY-JS.PATH_LEVEL_ONE">
      <value>
        <option name="BACKGROUND" value="e2fee2" />
        <option name="EFFECT_COLOR" value="B0B7C3" />
        <option name="EFFECT_TYPE" value="2" />
      </value>
    </option>
    <option name="SPY-JS.PATH_LEVEL_TWO">
      <value>
        <option name="EFFECT_COLOR" value="B0B7C3" />
        <option name="EFFECT_TYPE" value="1" />
      </value>
    </option>
    <option name="SPY-JS.PROGRAM_SCOPE">
      <value>
        <option name="BACKGROUND" value="fefefe" />
        <option name="EFFECT_COLOR" value="B0B7C3" />
        <option name="EFFECT_TYPE" value="2" />
      </value>
    </option>
    <option name="SPY-JS.VALUE_HINT" baseAttributes="" />
    <option name="SQL_KEYWORD">
      <value>
        <option name="FOREGROUND" value="A78CFA" />
      </value>
    </option>
    <option name="SQL_OUTER_QUERY_COLUMN" baseAttributes="SQL_COLUMN" />
    <option name="STATIC_FIELD_ATTRIBUTES">
      <value>
        <option name="FOREGROUND" value="cd6069" />
        <option name="FONT_TYPE" value="3" />
      </value>
    </option>
    <option name="STATIC_FINAL_FIELD_ATTRIBUTES">
      <value>
        <option name="FOREGROUND" value="FF8A4C" />
      </value>
    </option>
    <option name="STATIC_METHOD_ATTRIBUTES">
      <value>
        <option name="FOREGROUND" value="6495EE" />
        <option name="FONT_TYPE" value="2" />
      </value>
    </option>
    <option name="STATIC_METHOD_IMPORTED_ATTRIBUTES">
      <value>
        <option name="FOREGROUND" value="6495EE" />
      </value>
    </option>
    <option name="STYLUS_VARIABLE">
      <value />
    </option>
    <option name="SUGGESTION">
      <value>
        <option name="EFFECT_COLOR" value="61afe1" />
        <option name="EFFECT_TYPE" value="2" />
      </value>
    </option>
    <option name="SWIFT_ATTRIBUTE_ARGUMENT">
      <value>
        <option name="FOREGROUND" value="ffc86e" />
      </value>
    </option>
    <option name="SWIFT_EXTERNAL_PARAMETER">
      <value>
        <option name="FOREGROUND" value="50b4be" />
      </value>
    </option>
    <option name="SWIFT_SHEBANG_COMMENT">
      <value>
        <option name="FOREGROUND" value="808080" />
        <option name="FONT_TYPE" value="1" />
      </value>
    </option>
    <option name="TAG_ATTR_KEY">
      <value>
        <option name="FOREGROUND" value="56B7C3" />
      </value>
    </option>
    <option name="TEMPLATE_VARIABLE_ATTRIBUTES">
      <value>
        <option name="FOREGROUND" value="E4BF7F" />
      </value>
    </option>
    <option name="TEXT">
      <value>
        <option name="FOREGROUND" value="B0B7C3" />
        <option name="BACKGROUND" value="282c34" />
      </value>
    </option>
    <option name="TEXT_SEARCH_RESULT_ATTRIBUTES">
      <value>
        <option name="BACKGROUND" value="42444A" />
        <option name="ERROR_STRIPE_COLOR" value="8b909a" />
      </value>
    </option>
    <option name="TEXT_STYLE_ERROR">
      <value>
        <option name="EFFECT_COLOR" value="f14c4c" />
        <option name="EFFECT_TYPE" value="5" />
      </value>
    </option>
    <option name="TEXT_STYLE_SUGGESTION">
      <value>
        <option name="EFFECT_COLOR" value="6495EE" />
        <option name="EFFECT_TYPE" value="5" />
      </value>
    </option>
    <option name="TEXT_STYLE_WARNING">
      <value>
        <option name="EFFECT_COLOR" value="E4BF7F" />
        <option name="EFFECT_TYPE" value="5" />
      </value>
    </option>
    <option name="TODO_DEFAULT_ATTRIBUTES">
      <value>
        <option name="FOREGROUND" value="E4BF7F" />
        <option name="FONT_TYPE" value="3" />
        <option name="ERROR_STRIPE_COLOR" value="E4BF7F" />
      </value>
    </option>
    <option name="TS.DECORATOR">
      <value>
        <option name="FOREGROUND" value="6495EE" />
      </value>
    </option>
    <option name="TS.ENUM">
      <value>
        <option name="FOREGROUND" value="B0B7C3" />
      </value>
    </option>
    <option name="TS.ENUM_MEMBER">
      <value>
        <option name="FOREGROUND" value="FF8A4C" />
      </value>
    </option>
    <option name="TS.GLOBAL_VARIABLE">
      <value>
        <option name="FOREGROUND" value="B0B7C3" />
      </value>
    </option>
    <option name="TS.MODULE_NAME">
      <value>
        <option name="FOREGROUND" value="cd6069" />
      </value>
    </option>
    <option name="TS.PRIMITIVE.TYPES">
      <value>
        <option name="FOREGROUND" value="FF6AB3" />
      </value>
    </option>
    <option name="TS.STATIC_MEMBER_VARIABLE">
      <value>
        <option name="FOREGROUND" value="cd6069" />
      </value>
    </option>
    <option name="TS.TYPE_GUARD">
      <value />
    </option>
    <option name="TS.TYPE_PARAMETER">
      <value>
        <option name="FOREGROUND" value="E4BF7F" />
      </value>
    </option>
    <option name="TYPE_PARAMETER_NAME_ATTRIBUTES">
      <value>
        <option name="FOREGROUND" value="FF6AB3" />
      </value>
    </option>
    <option name="TYPO">
      <value>
        <option name="EFFECT_COLOR" value="98C379" />
        <option name="EFFECT_TYPE" value="2" />
      </value>
    </option>
    <option name="UNMATCHED_BRACE_ATTRIBUTES">
      <value>
        <option name="EFFECT_COLOR" value="f14c4c" />
        <option name="ERROR_STRIPE_COLOR" value="f14c4c" />
        <option name="EFFECT_TYPE" value="2" />
      </value>
    </option>
    <option name="Unresolved reference access">
      <value>
        <option name="EFFECT_COLOR" value="dd3962" />
        <option name="EFFECT_TYPE" value="2" />
      </value>
    </option>
    <option name="VELOCITY_KEYWORD">
      <value>
        <option name="FOREGROUND" value="A78CFA" />
      </value>
    </option>
    <option name="WARNING_ATTRIBUTES">
      <value>
        <option name="BACKGROUND" value="282c34" />
        <option name="EFFECT_COLOR" value="E4BF7F" />
        <option name="ERROR_STRIPE_COLOR" value="dab77c" />
        <option name="EFFECT_TYPE" value="2" />
      </value>
    </option>
    <option name="WRITE_IDENTIFIER_UNDER_CARET_ATTRIBUTES">
      <value>
        <option name="BACKGROUND" value="61578e" />
      </value>
    </option>
    <option name="WRITE_SEARCH_RESULT_ATTRIBUTES">
      <value>
        <option name="BACKGROUND" value="61578e" />
      </value>
    </option>
    <option name="WRONG_REFERENCES_ATTRIBUTES">
      <value>
        <option name="EFFECT_COLOR" value="E51400" />
        <option name="ERROR_STRIPE_COLOR" value="E51400" />
        <option name="EFFECT_TYPE" value="2" />
      </value>
    </option>
    <option name="XML_ATTRIBUTE_NAME">
      <value>
        <option name="FOREGROUND" value="56B7C3" />
      </value>
    </option>
    <option name="XML_ATTRIBUTE_VALUE">
      <value>
        <option name="FOREGROUND" value="98C379" />
      </value>
    </option>
    <option name="XML_ENTITY_REFERENCE">
      <value>
        <option name="FOREGROUND" value="8A97C3" />
      </value>
    </option>
    <option name="XML_NS_PREFIX">
      <value>
        <option name="FOREGROUND" value="56B7C3" />
      </value>
    </option>
    <option name="XML_PROLOGUE">
      <value>
        <option name="FOREGROUND" value="cd6069" />
      </value>
    </option>
    <option name="XML_TAG_DATA">
      <value />
    </option>
    <option name="XML_TAG_NAME">
      <value>
        <option name="FOREGROUND" value="cd6069" />
      </value>
    </option>
    <option name="XPATH.FUNCTION">
      <value>
        <option name="FOREGROUND" value="6495EE" />
      </value>
    </option>
    <option name="XPATH.KEYWORD">
      <value>
        <option name="FOREGROUND" value="A78CFA" />
      </value>
    </option>
    <option name="XPATH.XPATH_NAME">
      <value>
        <option name="FOREGROUND" value="98C379" />
      </value>
    </option>
    <option name="YAML_ANCHOR">
      <value>
        <option name="FOREGROUND" value="ffc86e" />
      </value>
    </option>
    <option name="YAML_COMMENT">
      <value>
        <option name="FOREGROUND" value="676E95" />
        <option name="FONT_TYPE" value="2" />
      </value>
    </option>
    <option name="YAML_SCALAR_DSTRING">
      <value>
        <option name="FOREGROUND" value="98C379" />
      </value>
    </option>
    <option name="YAML_SCALAR_KEY">
      <value>
        <option name="FOREGROUND" value="cd6069" />
      </value>
    </option>
    <option name="YAML_SCALAR_LIST">
      <value>
        <option name="FOREGROUND" value="98C379" />
      </value>
    </option>
    <option name="YAML_SCALAR_STRING">
      <value>
        <option name="FOREGROUND" value="98C379" />
      </value>
    </option>
    <option name="YAML_SCALAR_VALUE">
      <value>
        <option name="FOREGROUND" value="98C379" />
      </value>
    </option>
    <option name="YAML_SIGN">
      <value>
        <option name="FOREGROUND" value="56B7C3" />
      </value>
    </option>
    <option name="YAML_TEXT">
      <value>
        <option name="FOREGROUND" value="98C379" />
      </value>
    </option>
    <option name="org.rust.DOC_LINK">
      <value>
        <option name="FOREGROUND" value="61afe1" />
      </value>
    </option>
    <option name="org.rust.ENUM_VARIANT">
      <value>
        <option name="FOREGROUND" value="ffc86e" />
      </value>
    </option>
    <option name="org.rust.LIFETIME">
      <value>
        <option name="FOREGROUND" value="50b4be" />
      </value>
    </option>
    <option name="org.rust.MACRO">
      <value>
        <option name="FOREGROUND" value="61afe1" />
      </value>
    </option>
    <option name="org.rust.PRIMITIVE_TYPE">
      <value>
        <option name="FOREGROUND" value="ffc86e" />
      </value>
    </option>
    <option name="org.rust.Q_OPERATOR">
      <value />
    </option>
    <option name="org.rust.TYPE_ALIAS">
      <value>
        <option name="FOREGROUND" value="ffc86e" />
        <option name="FONT_TYPE" value="2" />
      </value>
    </option>
    <option name="org.rust.TYPE_PARAMETER">
      <value>
        <option name="FOREGROUND" value="ffc86e" />
      </value>
    </option>
    <option name="org.rust.UNSAFE_CODE">
      <value />
    </option>
    <option name="org.toml.DATE">
      <value>
        <option name="FOREGROUND" value="B0B7C3" />
      </value>
    </option>
    <option name="org.toml.KEY">
      <value>
        <option name="FOREGROUND" value="cd6069" />
      </value>
    </option>
  </attributes>
</scheme>