{
    "name": "Eva Light",
    "dark": false,
    "author": "fisheva",
    "editorScheme": "/themes/Eva_Light.xml",
    "ui": {
        "*.background": "#E6E9F0",
        "*.inactiveBackground": "#ff0000",
        "*.textBackground": "#ff0000",

        "*.contrast": "#E1E4EBFF",
        "*.disabledBackground": "#EBEEF5",
        "*.secondaryBackground": "#E1E4EBFF",

        "*.button": "#F1F4FB",

        "*.accent": "#4480f4FF",
        "*.focusedBorderColor": "#4480F4",
        "*.highlight": "#4480f4FF",
        "*.notifications": "#4480f4FF",

        "*.selectionBackground": "#5A98F7",
        "*.underlineColor": "#5A98F7",

        "*.lightSelectionInactiveBackground": "#0065FF20",
        "*.selectionBackgroundInactive": "#0065FF20",
        "*.selectionInactiveBackground": "#0065FF20",

        "*.acceleratorSelectionForeground": "#FFFFFF",
        "*.selectedForeground": "#FFFFFF",
        "*.selectionForeground": "#FFFFFF",
        "*.selectionForeground.os.default": "#FFFFFF",
        "*.selectionForeground.os.mac": "#FFFFFF",
        "*.selectionForeground.os.windows": "#FFFFFF",

        "*.borderColor": "#DDDDDD",
        "*.Borders.ContrastBorderColor": "#DDDDDD",
        "*.disabled": "#DDDDDDFF",
        "*.disabledBorderColor": "#DDDDDD",
        "*.excluded": "#DDDDDDFF",
        "*.separatorColor": "#DDDDDD",


        "*.caretForeground": "#5D5D5F",
        "*.foreground": "#626264",
        "*.lightSelectionForeground": "#5D5D5F",
        "*.selectionInactiveForeground": "#5D5D5F",
        "*.textForeground": "#5D5D5F",

        "*.acceleratorForeground": "#8E8E90",
        "*.lightSelectionInactiveForeground": "#8E8E90",
        "*.inactiveForeground": "#8E8E90",
        "*.infoForeground": "#8E8E90",

        "*.separatorForeground": "#A9A9AA",
        "*.disabledForeground": "#A9A9AA",

        "*.disabledText": "#A9A9AA",

        "*.lineSeparatorColor": "#CED1D7",
        "*.secondBorder": "#CED1D7",

        "*.errorForeground": "#EC0000",
        "*.modifiedItemForeground": "#7C4DFF",

        "Panel.mouseShortcutBackground": "#E1E4EB",
        "Tree.background": "#E1E4EB",

        "Panel.background": "#EBEEF5",
        "List.background": "#EBEEF5",

        "Tree.selectionInactiveBackground": "#EDF0F7",

        "List.selectionBackground": "#5A98F7",

        "*.focusColor": "#BCD2F7",
        "*.lightSelectionBackground": "#BCD2F7",
        "*.selectionBackground.os.default": "#BCD2F7FF",
        "*.selectionBackground.os.mac": "#BCD2F7FF",
        "*.selectionBackground.os.windows": "#BCD2F7FF",
        "*.tableSelected": "#BCD2F7FF",
        "List.selectionInactiveBackground": "#BCD2F7",
        "Tree.selectionBackground": "#BCD2F7",
        "Tree.hoverBackground": "#BCD2F7",
        "Tree.hoverInactiveBackground": "#BCD2F7",

        "List.selectionForeground": "#FFFFFF",

        "Panel.foreground": "#5D5D5F",
        "Tree.selectionForeground": "#5D5D5F",
        "Label.foreground": "#626264",

        "List.foreground": "#5D5D5FFF",
        "List.selectionInactiveForeground": "#5D5D5FFF",
        "Label.selectedDisabledForeground": "#5D5D5FFF",
        "Label.selectedForeground": "#5D5D5FFF",
        "Label.textForeground": "#5D5D5FFF",

        "Tree.foreground": "#757578",

        "Label.infoForeground": "#8E8E90",

        "Label.grayForeground": "#A9A9AA",
        "Label.disabledForeground": "#A9A9AA",
        "Label.disabledText": "#A9A9AA",

        "Label.errorForeground": "#EC0000",
        "Label.successForeground": "#3EC141",
        "Label.background": "#FFFFFF00",



        "ActionToolbar.background": "#E1E4EB",
        "AvailableMnemonic.background": "#E1E4EB",
        "BigSpinner.background": "#E1E4EB",
        "BookmarkMnemonicAvailable.background": "#E1E4EB",
        "Bookmark.MnemonicAssigned.background": "#E1E4EB",
        "Bookmark.MnemonicCurrent.background": "#E1E4EB",
        "Button.installFillBackground": "#E1E4EB",
        "Button.updateBackground": "#E1E4EB",
        "Canvas.Tooltip.background": "#E1E4EB",
        "CheckBox.checkSignColor": "#E1E4EB",
        "CheckBox.checkSignColor.selected": "#E1E4EB",
        "CheckBox.checkSignColorDisabled": "#E1E4EB",
        "CheckBox.checkSignColorDisabled.selected": "#E1E4EB",
        "CheckBox.focused.background": "#E1E4EB",
        "CheckBox.focusedArmed.background": "#E1E4EB",
        "CheckBox.inactiveFillColor": "#E1E4EB",
        "Checkbox.Background.Default": "#E1E4EB",
        "Checkbox.Background.Default.Dark": "#E1E4EB",
        "Checkbox.Background.Disabled": "#E1E4EB",
        "Checkbox.Background.Disabled.Dark": "#E1E4EB",
        "Checkbox.Border.Disabled": "#E1E4EB",
        "Checkbox.Border.Disabled.Dark": "#E1E4EB",
        "Checkbox.Focus.Thin.Default": "#E1E4EB",
        "Checkbox.Focus.Thin.Default.Dark": "#E1E4EB",
        "Checkbox.Focus.Wide.Default": "#E1E4EB",
        "Checkbox.Focus.Wide.Default.Dark": "#E1E4EB",
        "CheckBoxMenuItem.background": "#E1E4EB",
        "CheckBoxMenuItem.disabledBackground": "#E1E4EB",
        "CodeWithMe.AccessEnabled.dropdownBorder": "#E1E4EB",
        "CodeWithMe.AccessEnabled.pillbackground": "#E1E4EB",
        "ColorChooser.background": "#E1E4EB",
        "Content.selectionInactiveBackground": "#E1E4EB",
        "ComboBox.PopupBackground": "#E1E4EB",
        "ComboBox.arrowFillColor": "#E1E4EB",
        "ComboBox.darcula.nonEditableBackground": "#E1E4EB",
        "ComplexPopup.Header.background": "#E1E4EB",
        "Content.background": "#E1E4EB",
        "darcula.primary": "#E1E4EB",
        "DefaultTabs.background": "#E1E4EB",
        "DefaultTabs.borderColor": "#E1E4EB",
        "DefaultTabs.inactiveColoredFileBackground": "#E1E4EB",
        "DefaultTabs.inactiveColoredTabBackground": "#E1E4EB",
        "Dialog.titleColor": "#E1E4EB",
        "DragAndDrop.backgroundColor": "#E1E4EB",
        "DragAndDrop.rowBackground": "#E1E4EB",
        "Editor.background": "#E1E4EB",
        "EditorGroupsTabs.background": "#E1E4EB",
        "EditorPane.background": "#E1E4EB",
        "EditorPane.inactiveBackground": "#E1E4EB",
        "EditorTabs.background": "#E1E4EB",
        "EditorTabs.inactiveColoredFileBackground": "#E1E4EB",
        "FormattedTextField.background": "#E1E4EB",
        "FormattedTextField.inactiveBackground": "#E1E4EB",
        "GotItTooltip.background": "#E1E4EB",
        "HelpTooltip.backgroundColor": "#E1E4EB",
        "InplaceRefactoringPopup.background": "#E1E4EB",
        "intellijlaf.background": "#E1E4EB",
        "InternalFrame.inactiveTitleBackground": "#E1E4EB",
        "Lesson.shortcutbackground": "#E1E4EB",
        "Lesson.Tooltip.background": "#E1E4EB",
        "Lesson.Tooltip.spanBackground": "#E1E4EB",
        "MainToolbar.Dropdown.background": "#E1E4EB",
        "MainToolbar.Icon.background": "#E1E4EB",
        "MainToolbar.background": "#E1E4EB",
        "MainToolbar.inactiveBackground": "#E1E4EB",
        "material.background": "#E1E4EB",
        "material.contrast": "#E1E4EB",
        "material.mergeCommits": "#E1E4EB",
        "material.tab.backgroundColor": "#E1E4EB",
        "MemoryIndicator.allocatedBackground": "#E1E4EB",
        "MemoryIndicator.unusedColor": "#E1E4EB",
        "Menu.background": "#E6E9F0",
        "MenuBar.disabledBackground": "#E1E4EB",
        "MenuBar.highlight": "#E1E4EB",
        "MlModelBinding.Viewer.CodeEditor.background": "#E1E4EB",
        "NewClass.Panel.background": "#E1E4EB",
        "NewClass.SearchField.background": "#E1E4EB",
        "Notification.background": "#E1E4EB",
        "Notification.MoreButton.background": "#E1E4EB",
        "NotificationsToolwindow.newNotification.background": "#E1E4EB",
        "OptionPane.background": "#E1E4EB",
        "OptionButton.separatorColor": "#E1E4EB",
        "ParameterInfo.background": "#E1E4EB",
        "PasswordField.background": "#E1E4EB",
        "Plugins.eapTagBackground": "#E1E4EB",
        "Plugins.tagBackground": "#E1E4EB",
        "Plugins.trialTagBackground": "#E1E4EB",
        "Popup.Border.inactiveColor": "#E1E4EB",
        "Popup.Header.activeBackground": "#E1E4EB",
        "Popup.Header.inactiveBackground": "#E1E4EB",
        "Popup.preferences.background": "#E1E4EB",
        "Popup.Toolbar.Border.color": "#E1E4EB",
        "Popup.Toolbar.background": "#E1E4EB",
        "PopupMenu.translucentBackground": "#E1E4EB",
        "RunWidget.background": "#E1E4EB",
        "RunWidget.runningBackground": "#E1E4EB",
        "SearchEverywhere.List.settingsBackground":"#E1E4EB",
        "SearchEverywhere.SearchField.borderColor": "#E1E4EB",
        "Separator.separatorColor": "#E1E4EB",
        "SidePanel.background": "#E1E4EB",
        "Space.Review.diffAnchorbackground": "#E1E4EB",
        "SplitPane.background": "#E1E4EB",
        "SplitPane.highlight": "#E1E4EB",
        "SplitPaneDivider.draggingColor": "#E1E4EB",
        "StateWidget.activeBackground": "#E1E4EB",
        "StatusBar.background": "#E1E4EB",
        "StatusBar.borderColor": "#E1E4EB",
        "StatusBar.Breadcrumbs.selectionInactiveBackground": "#E1E4EB",
        "TabbedPane.contentAreaColor": "#E1E4EB",
        "TabbedPane.mt.tab.background": "#E1E4EB",
        "Table.alternativeRowBackground": "#E1E4EB",
        "Table.background": "#E1E4EB",
        "Table.gridColor": "#E1E4EB",
        "Table.lightSelectionInactivebackground": "#E1E4EB",
        "Table.stripeColor": "#E1E4EB",
        "Table.stripedBackground": "#E1E4EB",
        "TableHeader.background": "#E1E4EB",
        "TextField.separatorColorDisabled": "#E1E4EB",
        "TitlePane.background": "#E1E4EB",
        "TitlePane.inactiveBackground": "#E1E4EB",
        "ToggleButton.off.background": "#E1E4EB",
        "ToggleButton.off.foreground": "#E1E4EB",
        "ToggleButton.offBackground": "#E1E4EB",
        "ToolbarComboWidget.background": "#E1E4EB",
        "tooltips.actions.settings.icon.background.color": "#E1E4EB",
        "ToolWindow.active.Header.background": "#E1E4EB",
        "ToolWindow.background": "#E1E4EB",
        "ToolWindow.Header.background": "#E1E4EB",
        "ToolWindow.Header.inactiveBackground": "#E1E4EB",
        "ToolWindow.header.active.background": "#E1E4EB",
        "ToolWindow.header.border.background": "#E1E4EB",
        "ToolWindow.header.closeButton.background": "#E1E4EB",
        "ToolWindow.header.editorGroup.border.background": "#E1E4EB",
        "ToolWindow.HeaderCloseButton.background": "#E1E4EB",
        "ToolWindow.inactive.Header.background": "#E1E4EB",
        "ToolWindow.inactive.HeaderTab.background": "#E1E4EB",
        "UiDesigner.Panel.background": "#E1E4EB",
        "UiDesigner.Preview.background": "#E1E4EB",
        "VersionControl.FileHistory.Commit.otherBranchBackground": "#E1E4EB",
        "VersionControl.FileHistory.Commit.selectedBranchBackground": "#E1E4EB",
        "VersionControl.Log.Commit.currentBranchBackground": "#d0ddf0",
        "Viewport.background": "#E1E4EB",
        "WelcomeScreen.AssociatedComponent.background": "#E1E4EB",
        "WelcomeScreen.background": "#E1E4EB",
        "WelcomeScreen.captionBackground": "#E1E4EB",
        "WelcomeScreen.Details.background": "#E1E4EB",
        "WelcomeScreen.footerBackground": "#E1E4EB",
        "WelcomeScreen.headerBackground": "#E1E4EB",
        "WelcomeScreen.List.background": "#E1E4EB",
        "WelcomeScreen.Projects.actions.background": "#E1E4EB",
        "WelcomeScreen.Projects.background": "#E1E4EB",
        "WelcomeScreen.SidePanel.background": "#E1E4EB",
        "window": "#E1E4Eb",
        "Window.border": "#E1E4EB",


        "Plugins.SectionHeader.background": "#E3E6ED",
        "Popup.Advertiser.background": "#E3E6ED",
        "SearchEverywhere.Advertiser.background": "#E3E6ED",
        "SearchEverywhere.Header.background": "#E3E6ED",


        "Button.background": "#EBEEF5",
        "CheckBox.background": "#EBEEF5",
        "ComboBox.ArrowButton.background": "#EBEEF5",
        "ComboBox.ArrowButton.nonEditableBackground": "#EBEEF5",
        "ComboBox.darcula.arrowButtonBackground": "#EBEEF5",
        "ComboBox.darcula.editable.arrowButtonBackground": "#EBEEF5",
        "DialogWrapper.southPanelBackground": "#EBEEF5",
        "Editor.SearchField.background": "#f1f4fb",
        "EditorTabs.borderColor": "#EBEEF5",
        "EditorTabs.underlinedTabBackground": "#EBEEF5",
        "EditorTabs.underTabsBorderColor": "#EBEEF5",
        "MenuBar.borderColor": "#EBEEF5",
        "OnePixelDivider.background": "#EBEEF5",
        "Plugins.background": "#EBEEF5",
        "Plugins.Button.installBackground": "#EBEEF5",
        "Plugins.SearchField.background": "#EBEEF5",
        "RadioButton.background": "#EBEEF5",
        "RadioButtonMenuItem.background": "#EBEEF5",
        "ScrollBar.background": "#EBEEF5",
        "Slider.background": "#EBEEF5",
        "Tag.background": "#EBEEF5",
        "TextPane.background": "#EBEEF5",
        "ToggleButton.background": "#EBEEF5",
        "ToolBar.background": "#EBEEF5",
        "ToolWindow.Header.borderColor": "#EBEEF5",
        "ToolWindow.HeaderTab.selectedInactiveBackground": "#EBEEF5",
        "ToolWindow.HeaderTab.underlinedTabInactiveBackground": "#EBEEF5",

        "VersionControl.Log.Commit.selectionInactiveBackground": "#E1E4EB",

        "BookmarkMnemonicAssigned.buttonBackground": "#F1F4FB",
        "BookmarkMnemonicCurrent.buttonBackground": "#F1F4FB",
        "Button.endBackground": "#F1F4FB",
        "Button.startBackground": "#F5F8FF",
        "ComboBox.background": "#F1F4FB",
        "ComboBox.nonEditableBackground": "#F5F8FF",
        "ComboBoxButton.background": "#F5F8FF",
        "Editor.ToolTip.background": "#F1F4FB",
        "Popup.background": "#F1F4FB",
        "SearchEverywhere.background": "#F1F4FB",
        "SearchEverywhere.Dialog.background": "#F1F4FB",
        "SearchEverywhere.SearchField.background": "#F1F4FB",
        "TextArea.background": "#F1F4FB",
        "TextField.background": "#F1F4FB",
        "ToggleButton.buttonColor": "#F1F4FB",
        "ToolBar.comboBoxButtonBackground": "#F1F4FB",
        "ToolTip.Actions.background": "#F1F4FB",
        "ToolTip.background": "#F1F4FB",


        "Button.default.endBackground": "#5A98F7",
        "Button.default.endBorderColor": "#5A98F7",
        "Button.default.startBackground": "#5C9DFF",
        "Button.default.startBorderColor": "#5C9DFF",
        "ComboBox.selectionBackground": "#5A98F7",
        "Counter.background": "#5A98F7",
        "Menu.selectionBackground": "#5A98F7",
        "MenuBar.selectionBackground": "#5A98F7",
        "Plugins.Button.updateBackground": "#5A98F7",
        "Plugins.Button.updateBorderColor": "#5A98F7",
        "Plugins.ScreenshotPagination.CurrentImage.fillColor":"#5A98F7",
        "RadioButtonMenuItem.selectionBackground": "#5A98F7",
        "SearchEverywhere.Tab.selectedBackground":"#5A98F7",
        "StatusBar.Widget.pressedBackground": "#5A98F7",
        "TabbedPane.underlineColor": "#5A98F7",
        "TextArea.selectionBackground": "#5A98F7",
        "TextField.selectionBackground": "#5A98F7",


        "ActionButton.hoverBackground": "#BCD2F7",
        "ActionButton.pressedBackground": "#BCD2F7",
        "AssignedMnemonic.background": "#BCD2F7",
        "Autocomplete.selectionBackground": "#BCD2F7",
        "Autocomplete.selectionUnfocus": "#BCD2F7",
        "Banner.informativeBackground": "#BCD2F7",
        "Banner.informativeBorderColor": "#BCD2F7",
        "BookmarkMnemonicAssigned.background": "#BCD2F7",
        "BookmarkMnemonicIcon.background": "#BCD2F7",
        "Button.default.focusColor": "#BCD2F7",
        "CheckBox.darcula.inactiveFillColor": "#BCD2F7",
        "CheckBoxMenuItem.selectionBackground": "#BCD2F7",
        "CompletionPopup.selectionBackground": "#BCD2F7",
        "CompletionPopup.selectionInactiveBackground": "#BCD2F7",
        "Component.focusColor": "#BCD2F7",
        "Content.selectionBackground": "#BCD2F7",
        "DebuggerTabs.active.background": "#BCD2F7",
        "DebuggerTabs.underlinedTabBackground": "#BCD2F7",
        "DefaultTabs.hoverBackground": "#BCD2F7",
        "DefaultTabs.underlinedTabBackground": "#BCD2F7",
        "DragAndDrop.areaBackground": "#BCD2F7",
        "EditorGroupsTabs.hoverBackground": "#BCD2F7",
        "EditorGroupsTabs.hoverColor": "#BCD2F7",
        "EditorGroupsTabs.underlinedTabBackground": "#BCD2F7",
        "EditorPane.selectionBackground": "#BCD2F7",
        "EditorTabs.active.background": "#BCD2F7",
        "EditorTabs.hoverBackground": "#BCD2F7",
        "EditorTabs.inactiveHoverBackground": "#BCD2F7",
        "FormattedTextField.selectionBackground": "#BCD2F7",
        "Github.List.tallRow.selectionBackground": "#BCD2F7",
        "Github.List.tallRow.selectionBackground.unfocused": "#BCD2F7",
        "List.hoverBackground": "#BCD2F7",
        "List.hoverInactiveBackground": "#BCD2F7",
        "MainToolbar.Dropdown.hoverBackground": "#BCD2F7",
        "MainToolbar.Dropdown.pressedBackground": "#BCD2F7",
        "MainToolbar.hoverBackground": "#BCD2F7",
        "MainToolbar.Icon.hoverBackground": "#BCD2F7",
        "MainToolbar.Icon.pressedBackground": "#BCD2F7",
        "MainToolbar.pressedBackground": "#BCD2F7",
        "material.selectionBackground": "#BCD2F7",
        "MemoryIndicator.usedBackground": "#BCD2F7",
        "MemoryIndicator.usedColor": "#BCD2F7",
        "MnemonicIcon.background": "#BCD2F7",
        "Notification.ToolWindow.informativeBackground": "#BCD2F7",
        "NotificationsToolwindow.newNotification.hoverBackground": "#BCD2F7",
        "NotificationsToolwindow.Notification.hoverBackground": "#BCD2F7",
        "ParameterInfo.currentOverloadBackground": "#BCD2F7",
        "PasswordField.selectionBackground": "#BCD2F7",
        "Plugins.hoverBackground": "#BCD2F7",
        "Plugins.lightSelectionBackground": "#BCD2F7",
        "Plugins.ActionButton.hoverBackground": "#BCD2F7",
        "Plugins.ActionButton.pressedBackground": "#BCD2F7",
        "Plugins.Button.installFocusedBackground": "#BCD2F7",
        "Plugins.selectionBackground": "#BCD2F7",
        "Plugins.Tab.active.background": "#BCD2F7",
        "Plugins.Tab.hover.background": "#BCD2F7",
        "Plugins.Tab.hoverBackground": "#BCD2F7",
        "Plugins.Tab.selectedBackground": "#BCD2F7",
        "ProgressBar.halfColor": "#BCD2F7",
        "ProgressBar.selectionBackground": "#BCD2F7",
        "RadioButton.focusColor": "#BCD2F7",
        "RunWidget.pressedBackground": "#BCD2F7",
        "SearchEverywhere.List.selectionBackground": "#BCD2F7",
        "SearchEverywhere.Tab.active.background": "#BCD2F7",
        "SearchOption.selectedBackground": "#BCD2F7",
        "SegmentedButton.selectedButtonColor": "#BCD2F7",
        "SegmentedButton.focusedSelectedButtonColor": "#BCD2F7",
        "StatusBar.Breadcrumbs.floatingBackground": "#BCD2F7",
        "StatusBar.Breadcrumbs.hoverBackground": "#BCD2F7",
        "StatusBar.Breadcrumbs.selectionBackground": "#BCD2F7",
        "StatusBar.LightEditBackground": "#BCD2F7",
        "StatusBar.Widget.hoverBackground": "#BCD2F7",
        "Table.focusCellBackground": "#BCD2F7",
        "Table.highlightOuter": "#BCD2F7",
        "Table.hoverBackground": "#BCD2F7",
        "Table.hoverInactiveBackground": "#BCD2F7",
        "Table.lightSelectionBackground": "#BCD2F7",
        "Table.lightSelectionInactiveBackground": "#BCD2F7",
        "Table.selectionBackground": "#BCD2F7",
        "Table.selectionInactiveBackground": "#BCD2F7",
        "TableHeader.focusCellBackground": "#BCD2F7",
        "TableHeader.hoverBackground": "#BCD2F7",
        "ToolWindow.ActionButton.pressedBackground": "#BCD2F7",
        "ToolWindow.Button.hoverBackground": "#BCD2F7",
        "ToolWindow.Button.selectedBackground": "#BCD2F7",
        "ToolWindow.HeaderTab.hoverBackground": "#BCD2F7",
        "ToolWindow.HeaderTab.hoverInactiveBackground": "#BCD2F7",
        "ToolWindow.HeaderTab.underlinedTabBackground": "#BCD2F7",
        "TabbedPane.focus": "#BCD2F7",
        "TabbedPane.focusColor": "#BCD2F7",
        "TabbedPane.hoverColor": "#BCD2F7",
        "TabbedPane.selected": "#BCD2F7",
        "TabbedPane.selectHighlight": "#BCD2F7",
        "TextPane.selectionBackground": "#BCD2F7",
        "ToolbarComboWidget.hoverBackground": "#BCD2F7",
        "ToolWindow.active.HeaderTab.background": "#BCD2F7",
        "ToolWindow.ActionButton.hoverBackground": "#BCD2F7",
        "ToolWindow.header.tab.selected.active.background": "#BCD2F7",
        "ToolWindow.header.tab.selected.background": "#BCD2F7",
        "Tree.hash": "#BCD2F7",
        "VersionControl.GitCommits.graphColor": "#BCD2F7",
        "VersionControl.Log.Commit.hoveredBackground": "#BCD2F7",
        "VersionControl.Log.Commit.selectionBackground": "#BCD2F7",
        "VersionControl.Ref.backgroundBase": "#EBEEF5",
        "VersionControl.RefLabel.backgroundBase": "#EBEEF5",
        "WelcomeScreen.List.selectionBackground": "#BCD2F7",
        "WelcomeScreen.List.selectionInactiveBackground": "#BCD2F7",
        "WelcomeScreen.Projects.actions.selectionBackground": "#BCD2F7",
        "WelcomeScreen.Projects.selectionBackground": "#BCD2F7",
        "WelcomeScreen.Projects.selectionInactiveBackground": "#BCD2F7",


        "Button.default.foreground": "#FFFFFF",
        "ComboBox.selectionForeground": "#FFFFFF",
        "Counter.foreground": "#FFFFFF",
        "Plugins.Button.installFillForeground": "#FFFFFF",
        "Plugins.Button.updateForeground": "#FFFFFF",
        "Popup.Toolbar.Floating.background": "#FFFFFF",
        "Slider.buttonColor": "#FFFFFF",
        "SearchEverywhere.Tab.selectedForeground":"#FFFFFF",
        "SearchMatch.endBackground": "#FFFFFF",
        "SearchMatch.startBackground": "#FFFFFF",
        "SpeedSearch.background": "#FFFFFF",
        "StatusBar.Widget.pressedForeground": "#FFFFFF",
        "TextArea.selectionForeground": "#FFFFFF",
        "TextField.selectionForeground": "#FFFFFF",
        "Toolbar.Floating.background": "#FFFFFF",

        "Borders.color": "#DDDDDD",
        "Borders.ContrastBorderColor": "#DDDDDD",
        "Button.disabledBorderColor": "#DDDDDD",
        "ComboBox.darcula.disabledArrowButtonBackground": "#DDDDDD",
        "Component.borderColor": "#DDDDDD",
        "Component.disabledBorderColor": "#DDDDDD",
        "DialogWrapper.southPanelDivider": "#DDDDDD",
        "Editor.Toolbar.borderColor": "#DDDDDD",
        "Notification.MoreButton.innerBorderColor": "#DDDDDD",
        "Plugins.borderColor": "#DDDDDD",
        "Plugins.SearchField.borderColor": "#DDDDDD",
        "Popup.innerBorderColor": "#DDDDDD",
        "RadioButtonMenuItem.disabledBackground": "#DDDDDD",
        "SearchEverywhere.List.separatorColor": "#DDDDDD",


        "Button.foreground": "#5D5D5F",
        "CheckBox.foreground": "#5D5D5F",
        "EditorPane.foreground": "#5D5D5F",
        "EditorTabs.underlinedTabForeground": "#5D5D5F",
        "MenuBar.foreground": "#5D5D5F",
        "ProgressBar.selectionForeground": "#5D5D5F",
        "SearchEverywhere.Advertiser.foreground":"#5D5D5F",
        "Slider.foreground": "#5D5D5F",
        "StatusBar.Widget.foreground": "#626264",
        "StatusBar.Widget.hoverForeground": "#5D5D5F",
        "TextArea.foreground": "#5D5D5F",
        "TextField.foreground": "#5D5D5F",
        "ToggleButton.foreground": "#626264",
        "ToolTip.foreground": "#5D5D5F",
        "ToolWindow.Button.selectedForeground": "#5D5D5F",
        "VersionControl.Log.Commit.selectionForeground": "#5D5D5F",
        "VersionControl.RefLabel.foreground": "#5D5D5F",

        "AssignedMnemonic.foreground": "#5D5D5FFF",
        "AvailableMnemonic.foreground": "#5D5D5FFF",
        "Bookmark.Mnemonic.iconForeground": "#5D5D5FFF",
        "Bookmark.MnemonicAssigned.foreground": "#5D5D5FFF",
        "Bookmark.MnemonicCurrent.foreground": "#5D5D5FFF",
        "BookmarkMnemonicAssigned.foreground": "#5D5D5FFF",
        "BookmarkMnemonicAvailable.foreground": "#5D5D5FFF",
        "BookmarkMnemonicCurrent.foreground": "#5D5D5FFF",
        "BookmarkMnemonicIcon.foreground": "#5D5D5FFF",
        "CheckBoxMenuItem.acceleratorForeground": "#5D5D5FFF",
        "CheckBoxMenuItem.acceleratorSelectionForeground": "#5D5D5FFF",
        "CheckBoxMenuItem.foreground": "#5D5D5FFF",
        "CheckBoxMenuItem.selectionForeground": "#5D5D5FFF",
        "CodeWithMe.Avatar.foreground": "#5D5D5FFF",
        "ColorChooser.foreground": "#5D5D5FFF",
        "ColorChooser.swatchesDefaultRecentColor": "#5D5D5FFF",
        "ComboBox.ArrowButton.iconColor": "#5D5D5FFF",
        "ComboBox.darcula.arrowButtonForeground": "#5D5D5FFF",
        "ComboBox.darcula.hoveredArrowButtonForeground": "#5D5D5FFF",
        "ComboBox.foreground": "#5D5D5FFF",
        "CompletionPopup.foreground": "#5D5D5FFF",
        "CompletionPopup.grayedForeground": "#5D5D5FFF",
        "CompletionPopup.matchSelectedForeground": "#5D5D5FFF",
        "CompletionPopup.selectedForeground": "#5D5D5FFF",
        "CompletionPopup.selectedGrayedForeground": "#5D5D5FFF",
        "CompletionPopup.selectionInactiveForeground": "#5D5D5FFF",
        "Component.iconColor": "#5D5D5FFF",
        "CurrentMnemonic.foreground": "#5D5D5FFF",
        "DefaultTabs.underlinedTabForeground": "#5D5D5FFF",
        "DragAndDrop.areaForeground": "#5D5D5FFF",
        "DragAndDrop.foregroundColor": "#5D5D5FFF",
        "Editor.foreground": "#5D5D5FFF",
        "Editor.shortcutForeground": "#5D5D5FFF",
        "EditorGroupsTabs.underlinedTabForeground": "#5D5D5FFF",
        "EditorPane.caretForeground": "#5D5D5FFF",
        "EditorPane.selectionForeground": "#5D5D5FFF",
        "EditorTabs.active.foreground": "#5D5D5FFF",
        "EditorTabs.foreground": "#5D5D5FFF",
        "EditorTabs.hoverTabForeground": "#5D5D5FFF",
        "EditorTabs.selectedForeground": "#5D5D5FFF",
        "FormattedTextField.caretForeground": "#5D5D5FFF",
        "FormattedTextField.foreground": "#5D5D5FFF",
        "FormattedTextField.selectionForeground": "#5D5D5FFF",
        "Git.Log.Ref.Other": "#5D5D5FFF",
        "Git.Log.Ref.RemoteBranch": "#5D5D5FFF",
        "Git.Log.Ref.Tag": "#5D5D5FFF",
        "Github.List.tallRow.foreground": "#5D5D5FFF",
        "Github.List.tallRow.secondary.foreground": "#5D5D5FFF",
        "Github.List.tallRow.selectionForeground": "#5D5D5FFF",
        "Github.List.tallRow.selectionForeground.unfocused": "#5D5D5FFF",
        "GotItTooltip.foreground": "#5D5D5FFF",
        "GotItTooltip.linkForeground": "#5D5D5FFF",
        "GotItTooltip.shortcutForeground": "#5D5D5FFF",
        "HelpTooltip.shortcutTextColor": "#5D5D5FFF",
        "HelpTooltip.textColor": "#5D5D5FFF",
        "Hg.Log.Ref.ClosedBranch": "#5D5D5FFF",
        "Hg.Log.Ref.LocalTag": "#5D5D5FFF",
        "Hg.Log.Ref.MqTag": "#5D5D5FFF",
        "Hg.Log.Ref.Tag": "#5D5D5FFF",
        "infoPanelForeground": "#5D5D5FFF",
        "intellijlaf.foreground": "#5D5D5FFF",
        "Lesson.Badge.newLessonForeground": "#5D5D5FFF",
        "Lesson.stepNumberForeground": "#5D5D5FFF",
        "Lesson.Tooltip.foreground": "#5D5D5FFF",
        "Lesson.Tooltip.spanForeground": "#5D5D5FFF",
        "Lesson.Tooltip.stepNumberForeground": "#5D5D5FFF",
        "link": "#5D5D5FFF",
        "link.foreground": "#5D5D5FFF",
        "Link.secondaryForeground": "#5D5D5FFF",
        "material.branchColor": "#5D5D5FFF",
        "material.foreground": "#5D5D5FFF",
        "material.primaryColor": "#5D5D5FFF",
        "material.selectionForeground": "#5D5D5FFF",
        "material.tagColor": "#5D5D5FFF",
        "MnemonicIcon.foreground": "#5D5D5FFF",
        "NavBar.arrowColor": "#5D5D5FFF",
        "Notification.MoreButton.foreground": "#5D5D5FFF",
        "OptionPane.foreground": "#5D5D5FFF",
        "OptionPane.messageForeground": "#5D5D5FFF",
        "ParameterInfo.ContextHelp.foreground": "#5D5D5FFF",
        "ParameterInfo.currentParameterForeground": "#5D5D5FFF",
        "ParameterInfo.foreground": "#5D5D5FFF",
        "PasswordField.caretForeground": "#5D5D5FFF",
        "PasswordField.foreground": "#5D5D5FFF",
        "Plugins.SectionHeader.foreground": "#5D5D5FFF",
        "Plugins.Tab.active.foreground": "#5D5D5FFF",
        "Plugins.Tab.selectedForeground": "#5D5D5FFF",
        "Popup.preferences.foreground": "#5D5D5FFF",
        "PasswordField.selectionForeground": "#5D5D5FFF",
        "Plugins.selectionForeground": "#5D5D5FFF",
        "RadioButton.foreground": "#5D5D5FFF",
        "RadioButtonMenuItem.acceleratorForeground": "#5D5D5FFF",
        "RadioButtonMenuItem.acceleratorSelectionForeground": "#5D5D5FFF",
        "RadioButtonMenuItem.foreground": "#5D5D5FFF",
        "RadioButtonMenuItem.selectionForeground": "#5D5D5FFF",
        "RunWidget.foreground": "#5D5D5FFF",
        "RunWidget.iconColor": "#5D5D5FFF",
        "SearchEverywhere.Dialog.foreground": "#5D5D5FFF",
        "SearchEverywhere.foreground": "#5D5D5FFF",
        "SearchEverywhere.shortcutForeground": "#5D5D5FFF",
        "SearchEverywhere.Tab.active.foreground": "#5D5D5FFF",
        "SearchEverywhere.Tab.selected.foreground": "#5D5D5FFF",
        "StatusBar.Breadcrumbs.floatingForeground": "#5D5D5FFF",
        "StatusBar.Breadcrumbs.foreground": "#5D5D5FFF",
        "StatusBar.Breadcrumbs.hoverForeground": "#5D5D5FFF",
        "StatusBar.Breadcrumbs.selectionInactiveForeground": "#5D5D5FFF",
        "SearchResults.Ordinal.File.Foreground": "#5D5D5FFF",
        "SearchResults.Repeated.File.Foreground": "#5D5D5FFF",
        "SpeedSearch.errorForeground": "#5D5D5FFF",
        "SpeedSearch.foreground": "#5D5D5FFF",
        "Spinner.selectionForeground": "#5D5D5FFF",
        "StatusBar.Breadcrumbs.selectionForeground": "#5D5D5FFF",
        "TabbedPane.foreground": "#5D5D5FFF",
        "TabbedPane.selectedForeground": "#5D5D5FFF",
        "Table.focusCellForeground": "#5D5D5FFF",
        "Table.lightSelectionForeground": "#5D5D5FFF",
        "Table.lightSelectionInactiveForeground": "#5D5D5FFF",
        "Table.selectionForeground": "#5D5D5FFF",
        "Table.selectionInactiveForeground": "#5D5D5FFF",
        "Table.sortIconColor": "#5D5D5FFF",
        "TableHeader.focusCellForeground": "#5D5D5FFF",
        "TableHeader.foreground": "#5D5D5FFF",
        "Tag.foreground": "#5D5D5FFF",
        "TextPane.caretForeground": "#5D5D5FFF",
        "TextPane.foreground": "#5D5D5FFF",
        "TextPane.selectionForeground": "#5D5D5FFF",
        "textText": "#5D5D5FFF",
        "ToggleButton.offForeground": "#5D5D5FFF",
        "ToggleButton.on.foreground": "#5D5D5FFF",
        "ToggleButton.onForeground": "#5D5D5FFF",
        "ToolBar.floatingForeground": "#5D5D5FFF",
        "ToolBar.foreground": "#5D5D5FFF",
        "tooltips.actions.keymap.text.color": "#5D5D5FFF",
        "tooltips.description.title.text.color": "#5D5D5FFF",
        "ToolTip.Learning.foreground": "#5D5D5FFF",
        "ToolTip.Learning.spanForeground": "#5D5D5FFF",
        "ToolTip.Learning.stepNumberForeground": "#5D5D5FFF",
        "ToolWindow.HeaderTab.underlinedTabForeground": "#5D5D5FFF",
        "ToolWindow.HeaderTab.underlinedTabInactiveForeground": "#5D5D5FFF",
        "VersionControl.GitLog.headIconColor": "#5D5D5FFF",
        "VersionControl.GitLog.otherIconColor": "#5D5D5FFF",
        "VersionControl.GitLog.remoteBranchIconColor": "#5D5D5FFF",
        "VersionControl.GitLog.tagIconColor": "#5D5D5FFF",
        "VersionControl.HgLog.bookmarkIconColor": "#5D5D5FFF",
        "VersionControl.HgLog.headIconColor": "#5D5D5FFF",
        "VersionControl.HgLog.localTagIconColor": "#5D5D5FFF",
        "VersionControl.HgLog.mqTagIconColor": "#5D5D5FFF",
        "VersionControl.HgLog.tagIconColor": "#5D5D5FFF",
        "VersionControl.HgLog.tipIconColor": "#5D5D5FFF",
        "VersionControl.Log.Commit.unmatchedForeground": "#5D5D5FFF",
        "VersionControl.Ref.foreground": "#5D5D5FFF",
        "Viewport.foreground": "#5D5D5FFF",
        "WelcomeScreen.captionForeground": "#5D5D5FFF",
        "WelcomeScreen.footerForeground": "#5D5D5FFF",
        "WelcomeScreen.headerForeground": "#5D5D5FFF",
        "windowText": "#5D5D5FFF",

        "Table.foreground": "#626264",


        "Bookmark.iconBackground": "#8E8E90",
        "BookmarkMnemonicCurrent.background": "#8E8E90",
        "BookmarkIcon.background": "#8E8E90",
        "Button.installForeground": "#8E8E90",
        "Button.installFillForeground": "#8E8E90",
        "Button.updateForeground": "#8E8E90",
        "Checkbox.Background.Selected": "#8E8E90",
        "Checkbox.Background.Selected.Dark": "#8E8E90",
        "Checkbox.Focus.Thin.Selected": "#8E8E90",
        "Checkbox.Focus.Thin.Selected.Dark": "#8E8E90",
        "Checkbox.Focus.Wide.Selected": "#8E8E90",
        "Checkbox.Focus.Wide.Selected.Dark": "#8E8E90",
        "CheckBox.focused.background.selected": "#8E8E90",
        "CheckBox.focusedArmed.background.selected": "#8E8E90",
        "CheckBox.inactiveFillColor.selected": "#8E8E90",
        "CheckBox.select": "#8E8E90",
        "CodeWithMe.AccessEnabled.accessDot": "#8E8E90",
        "CompletionPopup.selectionInactiveInfoForeground": "#8E8E90",
        "Component.hoverIconColor": "#8E8E90",
        "Component.infoForeground": "#8E8E90",
        "CurrentMnemonic.background": "#8E8E90",
        "Debugger.Variables.changedValueForeground": "#8E8E90",
        "Debugger.Variables.collectingDataForeground": "#8E8E90",
        "Debugger.Variables.evaluatingExpressionForeground": "#8E8E90",
        "Debugger.Variables.modifyingValueForeground": "#8E8E90",
        "Debugger.Variables.valueForeground": "#8E8E90",
        "dropArea.base": "#8E8E90",
        "Git.Log.Ref.LocalBranch": "#8E8E90",
        "GutterTooltip.infoForeground": "#8E8E90",
        "Hg.Log.Ref.Branch": "#8E8E90",
        "IconBadge.infoBackground": "#8E8E90",
        "Lesson.Badge.newLessonBackground": "#8E8E90",
        "LiveIndicator.color": "#8E8E90",
        "material.colon": "#8E8E90",
        "NavBar.selectedColor": "#8E8E90",
        "ParameterInfo.highlightedColor": "#8E8E90",
        "ParameterInfo.infoForeground": "#8E8E90",
        "PasswordField.capsLockIconColor": "#8E8E90",
        "Plugins.tagForeground": "#8E8E90",
        "Popup.Advertiser.foreground": "#8E8E90",
        "ProgressBar.foreground": "#8E8E90",
        "PsiViewer.referenceHighlightColor": "#8E8E90",
        "RadioButton.selectionEnabledColor": "#8E8E90",
        "SearchEverywhere.SearchField.infoForeground": "#8E8E90",
        "Slider.tickColor": "#8E8E90",
        "Table.dropLineColor": "#8E8E90",
        "Table.dropLineShortColor": "#8E8E90",
        "TabbedPane.selectedColor": "#8E8E90",
        "TextField.selectedSeparatorColor": "#8E8E90",
        "TitlePane.inactiveInfoForeground": "#8E8E90",
        "TitlePane.infoForeground": "#8E8E90",
        "ToolTip.infoForeground": "#8E8E90",
        "ToggleButton.on.background": "#8E8E90",
        "ToggleButton.onBackground": "#8E8E90",
        "ToolTip.Actions.infoForeground": "#8E8E90",
        "ToolTip.Learning.background": "#8E8E90",
        "ToolTip.Learning.spanBackground": "#8E8E90",
        "VersionControl.GitLog.localBranchIconColor": "#8E8E90",
        "VersionControl.HgLog.branchIconColor": "#8E8E90",

        "Popup.separatorForeground": "#A9A9AA",

        "CheckBox.darcula.checkSignColorDisabled": "#A9A9AA",
        "CheckBox.disabledText": "#A9A9AA",
        "CheckBoxMenuItem.disabledForeground": "#A9A9AA",
        "CodeWithMe.AccessDisabled.accessDot": "#A9A9AA",
        "ComboBox.ArrowButton.disabledIconColor": "#A9A9AA",
        "ComboBox.darcula.arrowButtonDisabledForeground": "#A9A9AA",
        "ComboBox.disabledForeground": "#A9A9AA",
        "CompletionPopup.grayForeground": "#A9A9AA",
        "CompletionPopup.selectionGrayForeground": "#A9A9AA",
        "Component.grayForeground": "#A9A9AA",
        "EditorPane.inactiveForeground": "#A9A9AA",
        "FormattedTextField.inactiveForeground": "#A9A9AA",
        "MenuBar.disabledForeground": "#A9A9AA",
        "ParameterInfo.disabledColor": "#A9A9AA",
        "ParameterInfo.disabledForeground": "#A9A9AA",
        "PasswordField.inactiveForeground": "#A9A9AA",
        "Plugins.disabledForeground": "#A9A9AA",
        "RadioButton.disabledText": "#A9A9AA",
        "RadioButtonMenuItem.disabledForeground": "#A9A9AA",
        "SearchEverywhere.SearchField.grayForeground": "#A9A9AA",
        "TabbedPane.disabledForeground": "#A9A9AA",
        "TabbedPane.disabledText": "#A9A9AA",
        "TabbedPane.selectedDisabledColor": "#A9A9AA",
        "Table.disabledForeground": "#A9A9AA",
        "TableHeader.disabledForeground": "#A9A9AA",
        "TextArea.inactiveForeground": "#A9A9AA",
        "TextField.inactiveForeground": "#A9A9AA",
        "TextPane.inactiveForeground": "#A9A9AA",
        "ToggleButton.disabledText": "#A9A9AA",
        "ToolTip.Actions.grayForeground": "#A9A9AA",
        "ToolTip.shortcutForeground": "#A9A9AA",
        "RadioButton.darcula.selectionDisabledColor": "#A9A9AA",
        "RadioButton.selectionDisabledColor": "#A9A9AA",
        "VersionControl.HgLog.closedBranchIconColor": "#A9A9AA",


        "AssignedMnemonic.borderColor": "#CED1D7",
        "AvailableMnemonic.borderColor": "#CED1D7",
        "Bookmark.MnemonicCurrent.borderColor": "#CED1D7",
        "Bookmark.MnemonicAssigned.borderColor": "#CED1D7",
        "BookmarkMnemonicAvailable.borderColor": "#CED1D7",
        "BookmarkMnemonicIcon.borderColor": "#CED1D7",
        "Button.endBorderColor": "#CED1D7",
        "Button.startBorderColor": "#CED1D7",
        "Canvas.Tooltip.borderColor": "#CED1D7",
        "Checkbox.Border.Default": "#CED1D7",
        "Checkbox.Border.Default.Dark": "#CED1D7",
        "Checkbox.Border.Selected": "#CED1D7",
        "Checkbox.Border.Selected.Dark": "#CED1D7",
        "ComboPopup.border": "#CED1D7",
        "CurrentMnemonic.borderColor": "#CED1D7",
        "DebuggerPopup.borderColor": "#CED1D7",
        "DragAndDrop.borderColor": "#CED1D7",
        "DragAndDrop.backgroundBorderColor": "#CED1D7",
        "EditorGroupsTabs.borderColor": "#CED1D7",
        "EditorPane.splitBorder": "#CED1D7",
        "GotItTooltip.borderColor": "#CED1D7",
        "Group.disabledSeparatorColor": "#CED1D7",
        "Group.separatorColor": "#D9DCE2",
        "GutterTooltip.borderColor": "#CED1D7",
        "GutterTooltip.lineSeparatorColor": "#CED1D7",
        "HelpTooltip.borderColor": "#CED1D7",
        "InformationHint.borderColor": "#CED1D7",
        "InplaceRefactoringPopup.borderColor": "#CED1D7",
        "Lesson.Tooltip.borderColor": "#CED1D7",
        "material.tab.borderColor": "#CED1D7",
        "Menu.borderColor": "#D7DAE0",
        "Menu.separatorColor": "#D9DCE2",
        "MnemonicIcon.borderColor": "#CED1D7",
        "NavBar.borderColor": "#CED1D7",
        "Notification.borderColor": "#CED1D7",
        "OptionButton.default.separatorColor": "#CED1D7",
        "ParameterInfo.borderColor": "#CED1D7",
        "ParameterInfo.lineSeparatorColor": "#CED1D7",
        "Popup.Advertiser.borderColor": "#CED1D7",
        "Popup.Border.color": "#CED1D7",
        "Popup.borderColor": "#CED1D7",
        "Popup.inactiveBorderColor": "#CED1D7",
        "Popup.preferences.borderColor": "#CED1D7",
        "Popup.Separator.color": "#CED1D7",
        "Popup.Separator.foreground": "#CED1D7",
        "Popup.separatorColor": "#CED1D7",
        "Popup.Toolbar.borderColor": "#CED1D7",
        "ProgressBar.trackColor": "#D2D5DC",
        "RadioButton.darcula.borderColor1": "#CED1D7",
        "RunWidget.separatorColor": "#CED1D7",
        "ScreenView.borderColor": "#CED1D7",
        "SearchEverywhere.Advertiser.borderInsets": "#CED1D7",
        "SearchEverywhere.Dialog.borderColor": "#CED1D7",
        "SegmentedButton.selectedStartBorderColor": "#CED1D7",
        "SegmentedButton.selectedEndBorderColor": "#CED1D7",
        "Settings.Spotlight.borderColor": "#CED1D7",
        "Slider.buttonBorderColor": "#CED1D7",
        "Slider.trackColor": "#CED1D7",
        "SpeedSearch.borderColor": "#CED1D7",
        "TabbedPane.borderColor": "#CED1D7",
        "TableHeader.borderColor": "#CED1D7",
        "TableHeader.bottomSeparatorColor": "#CED1D7",
        "TableHeader.separatorColor": "#CED1D7",
        "Tag.borderColor": "#CED1D7",
        "TextField.borderColor": "#CED1D7",
        "TextField.separatorColor": "#CED1D7",
        "TitledBorder.titleColor": "#CED1D7",
        "ToggleButton.borderColor": "#CED1D7",
        "ToolBar.borderHandleColor": "#CED1D7",
        "ToolTip.borderColor": "#CED1D7",
        "ToolTip.Learning.borderColor": "#CED1D7",
        "ToolTip.separatorColor": "#CED1D7",
        "ToolWindow.HeaderTab.borderColor": "#CED1D7",
        "WelcomeScreen.borderColor": "#CED1D7",
        "WelcomeScreen.groupIconBorderColor": "#CED1D7",
        "WelcomeScreen.separatorColor": "#CED1D7",
        "Window.editorGroup.border": "#CED1D7",
        "windowBorder": "#CED1D7",


        "ActionButton.focusedBorderColor": "#4480F4",
        "Banner.informativeForeground": "#4480F4",
        "Button.default.focusedBorderColor": "#4480F4",
        "Button.focus": "#4480F4",
        "Button.focusedBorderColor": "#4480F4",
        "Button.updateBorderColor": "#4480F4",
        "CompletionPopup.matchForeground": "#4480F4",
        "Component.focusedBorderColor": "#4480F4",
        "Focus.borderColor": "#4480F4",
        "Focus.Color": "#4480F4",
        "Focus.defaultButtonBorderColor": "#4480F4",
        "material.accent": "#4480F4",
        "Notification.ToolWindow.informativeBorderColor": "#4480F4",
        "Notification.ToolWindow.informativeForeground": "#4480F4",
        "Plugins.ActionButton.focusedBorderColor": "#4480F4",
        "SearchEverywhere.List.separatorForeground": "#4480F4",
        "TextField.focusedBorderColor": "#4480F4",
        "ToolWindow.ActionButton.focusedBorderColor": "#4480F4",


        "Link.activeForeground": "#4D91F8",
        "ProgressBar.background": "#4D91F8",
        "ProgressBar.progressColor": "#4D91F8",


        "ProgressBar.passedColor": "#3EC141",
        "ProgressBar.passedEndColor": "#3EC141",


        "Button.installBorderColor": "#499149",
        "Plugins.Button.installBorderColor": "#499149",
        "Plugins.Button.installFillBackground": "#499149",
        "Plugins.Button.installForeground": "#499149",
        "Plugins.suggestedLabelBackground": "#499149",


        "Banner.errorBackground": "#ECCDD3",
        "Banner.errorBorderColor": "#ECCDD3",
        "Notification.errorBackground": "#ECCDD3",
        "Notification.errorBorderColor": "#ECCDD3",
        "Notification.ToolWindow.errorBackground": "#ECCDD3",
        "Notification.ToolWindow.errorBorderColor": "#ECCDD3",
        "SearchField.errorBackground": "#ECCDD3",
        "ValidationTooltip.errorBackground": "#ECCDD3",
        "ValidationTooltip.errorBorderColor": "#ECCDD3",


        "Banner.errorForeground": "#EC0000",
        "Debugger.Variables.errorMessageForeground": "#EC0000",
        "Notification.errorForeground": "#EC0000",
        "Notification.ToolWindow.errorForeground": "#EC0000",
        "ProgressBar.failedColor": "#ec0000",
        "ProgressBar.failedEndColor": "#ec0000",
        "RunWidget.stopBackground": "#EC0000",


        "Banner.warningBackground": "#F6EBBC",
        "Banner.warningBorderColor": "#F6EBBC",
        "Notification.ToolWindow.warningBackground": "#F6EBBC",
        "Notification.ToolWindow.warningBorderColor": "#F6EBBC",
        "ValidationTooltip.warningBackground": "#F6EBBC",
        "ValidationTooltip.warningBorderColor": "#F6EBBC",


        "Banner.warningForeground": "#FF6D12",
        "Debugger.Variables.exceptionForeground": "#FF6D12",
        "NewPSD.warning": "#FF6D12",
        "Notification.ToolWindow.warningForeground": "#FF6D12",

        "TextArea.caretForeground": "#FC8357",
        "TextField.caretForeground": "#FC8357",

        "ComboBox.modifiedItemForeground": "#7C4DFF",
        "Tree.modifiedItemForeground": "#7C4DFF",

        "Link.hoverForeground": "#D73BD5",
        "Link.pressedForeground": "#D73BD5",
        "Link.visitedForeground": "#D73BD5",


        "ScrollBar.hoverThumbBorderColor": "#4f4f501E",
        "ScrollBar.hoverThumbColor": "#4f4f501E",
        "ScrollBar.Mac.Transparent.hoverThumbColor": "#4f4f501E",
        "ScrollBar.Mac.hoverThumbColor": "#4f4f501E",
        "ScrollBar.Transparent.hoverThumbBorderColor": "#4f4f501E",
        "ScrollBar.Transparent.hoverThumbColor": "#4f4f501E",


        "ScrollBar.Mac.Transparent.thumbColor": "#4f4f5012",
        "ScrollBar.Mac.thumbColor": "#4f4f5012",
        "ScrollBar.thumb": "#4f4f5012",
        "ScrollBar.thumbBorderColor": "#4f4f5012",
        "ScrollBar.thumbColor": "#4f4f5012",
        "ScrollBar.thumbDarkShadow": "#4f4f5012",
        "ScrollBar.thumbHighlight": "#4f4f5012",
        "ScrollBar.thumbShadow": "#4f4f5012",
        "ScrollBar.Transparent.thumbBorderColor": "#4f4f5012",
        "ScrollBar.Transparent.thumbColor": "#4f4f5012",
        "Slider.thumb": "#4f4f5012",


        "Component.errorFocusColor": "#EC0000A5",
        "Component.inactiveErrorFocusColor": "#EC00004C",
        "Component.inactiveWarningFocusColor": "#FF6D1259",
        "Component.warningFocusColor": "#FF6D12B2",
        "FileColor.Blue": "#437AED19",
        "FileColor.Green": "#44C14519",
        "FileColor.Orange": "#FF6D1219",
        "FileColor.Rose": "#FA278E19",
        "FileColor.Violet": "#C57BDB19",
        "FileColor.Yellow": "#EEEADA",
        "Plugins.paidTagBackground": "#ffd87f",


        "ActionButton.hoverBorderColor": "#FFFFFF00",
        "ActionButton.pressedBorderColor": "#FFFFFF00",
        "Button.shadowColor": "#FFFFFF00",
        "Button.default.shadowColor": "#FFFFFF00",
        "CheckBox.shadowColor": "#FFFFFF00",
        "CheckBox.shadowColorDisabled": "#FFFFFF00",
        "CompletionPopup.nonFocusedMask": "#FFFFFF00",
        "DefaultTabs.hoverMaskColor": "#FFFFFF00",
        "DefaultTabs.inactiveUnderlineColor": "#FFFFFF00",
        "DefaultTabs.underlineColor": "#FFFFFF00",
        "EditorTabs.active.underlineColor": "#FFFFFF00",
        "EditorTabs.hoverMaskColor": "#FFFFFF00",
        "EditorTabs.inactive.maskColor": "#FFFFFF00",
        "EditorTabs.inactiveMaskColor": "#FFFFFF00",
        "EditorTabs.inactiveUnderlineColor": "#FFFFFF00",
        "EditorTabs.underlineColor": "#FFFFFF00",
        "EditorGroupsTabs.inactiveUnderlineColor": "#FFFFFF00",
        "EditorGroupsTabs.underlineColor": "#FFFFFF00",
        "MenuBar.shadow": "#FFFFFF00",
        "Plugins.ActionButton.hoverBorderColor": "#FFFFFF00",
        "Plugins.ActionButton.pressedBorderColor": "#FFFFFF00",
        "RadioButton.darcula.selectionDisabledShadowColor": "#FFFFFF00",
        "RadioButton.darcula.selectionEnabledColor": "#FFFFFF00",
        "RadioButton.darcula.selectionEnabledShadowColor": "#FFFFFF00",
        "RadioButton.selectionDisabledShadowColor": "#FFFFFF00",
        "RadioButton.selectionEnabledShadowColor": "#FFFFFF00",
        "ScrollBar.hoverTrackColor": "#FFFFFF00",
        "ScrollBar.Mac.hoverTrackColor": "#FFFFFF00",
        "ScrollBar.Mac.hoverThumbBorderColor": "#FFFFFF00",
        "ScrollBar.Mac.thumbBorderColor": "#FFFFFF00",
        "ScrollBar.Mac.trackColor": "#FFFFFF00",
        "ScrollBar.Mac.Transparent.hoverThumbBorderColor": "#FFFFFF00",
        "ScrollBar.Mac.Transparent.hoverTrackColor": "#FFFFFF00",
        "ScrollBar.Mac.Transparent.thumbBorderColor": "#FFFFFF00",
        "ScrollBar.Mac.Transparent.trackColor": "#FFFFFF00",
        "ScrollBar.track": "#FFFFFF00",
        "ScrollBar.trackColor": "#FFFFFF00",
        "ScrollBar.trackHighlight": "#FFFFFF00",
        "ScrollBar.Transparent.hoverTrackColor": "#FFFFFF00",
        "ScrollBar.Transparent.trackColor": "#FFFFFF00",
        "Slider.track": "#FFFFFF00",
        "Slider.trackDisabled": "#FFFFFF00",
        "Spinner.background": "#FFFFFF00",
        "Spinner.disabledBackground": "#FFFFFF00",
        "TabbedPane.background": "#FFFFFF00",
        "TabbedPane.disabledUnderlineColor": "#FFFFFF00",
        "TextField.darkShadow": "#FFFFFF00",
        "TextField.hoverBorderColor": "#FFFFFF00",
        "ToolWindow.ActionButton.hoverBorderColor": "#FFFFFF00",
        "ToolWindow.ActionButton.pressedBorderColor": "#FFFFFF00",
        "ToolWindow.HeaderTab.inactiveUnderlineColor": "#FFFFFF00",
        "ToolWindow.HeaderTab.underlineColor": "#FFFFFF00",


        "Bookmark.Mnemonic": {},
        "Bookmark.MnemonicAvailable": {}
    },
    "icons":{
        "ColorPalette":{
            "Actions.Grey": "#5D5D5F",
            "Actions.GreyInline": "#848486",
            "Actions.GreyInline.Dark": "#5D5D5F",
            "Actions.Green": "#53A053",
            "Actions.Blue": "#4480f4",
            "Actions.Red": "#EC0000",
            "Actions.Yellow": "#F0AA0B",

            "Checkbox.Background.Default": "#FFFFFF",
            "Checkbox.Border.Default": "#CED1D7",
            "Checkbox.Foreground.Default": "#DDDDDD",
            "Checkbox.Background.Default.Dark": "#FFFFFF",
            "Checkbox.Border.Default.Dark": "#CED1D7",
            "Checkbox.Foreground.Default.Dark": "#DDDDDD",

            "Checkbox.Background.Selected": "#5A98F7",
            "Checkbox.Border.Selected": "#5A98F7",
            "Checkbox.Foreground.Selected": "#FFFFFF",
            "Checkbox.Background.Selected.Dark": "#5A98F7",
            "Checkbox.Border.Selected.Dark": "#5A98F7",
            "Checkbox.Foreground.Selected.Dark": "#FFFFFF",

            "Checkbox.Background.Disabled": "#EBEEF5",
            "Checkbox.Border.Disabled": "#dddddd",
            "Checkbox.Foreground.Disabled": "#CED1D7",
            "Checkbox.Background.Disabled.Dark": "#EBEEF5",
            "Checkbox.Border.Disabled.Dark": "#dddddd",
            "Checkbox.Foreground.Disabled.Dark": "#CED1D7",

            "Checkbox.Focus.Wide": "#0065FF66",
            "Checkbox.Focus.Wide.Dark": "#0065FF66",
            "Checkbox.Focus.Thin.Default": "#FFFFFF",
            "Checkbox.Focus.Thin.Default.Dark": "#FFFFFF",
            "Checkbox.Focus.Thin.Selected": "#5A98F7",
            "Checkbox.Focus.Thin.Selected.Dark": "#5A98F7",
            "Checkbox.Focus.Thin.Disabled": "#DDDDDD",
            "Checkbox.Focus.Thin.Disabled.Dark": "#DDDDDD",

            "Tree.iconColor": "#808080",

            "Objects.Blue": "#5A98F7",
            "Objects.Purple": "#C838C6",
            "Objects.Pink": "#EF8ED8",
            "Objects.Red": "#F14C4C",
            "Objects.RedStatus": "#EC0000",
            "Objects.Yellow": "#FF6D12",
            "Objects.YellowDark": "#FF6D12",
            "Objects.BlackText": "#231f20",
            "Objects.Grey": "#8E8E90",
            "Objects.GreenAndroid": "#3EC141"
        }
    }
}