{
    "name": "Eva Dark",
    "dark": true,
    "author": "fisheva",
    "editorScheme": "/themes/Eva_Dark.xml",
    "ui": {
        "*.background": "#22272F",
        "*.inactiveBackground": "#282c34",
        "*.textBackground": "#282c34",

        "*.contrast": "#21252BFF",
        "*.disabledBackground": "#282c34",
        "*.secondaryBackground": "#21252BFF",

        "*.button": "#30333d",

        "*.accent": "#4480f4FF",
        "*.focusedBorderColor": "#4480F4",
        "*.highlight": "#4480f4FF",
        "*.notifications": "#4480f4FF",

        "*.selectionBackground": "#5383dc",
        "*.underlineColor": "#5383dc",

        "*.lightSelectionInactiveBackground": "#598def2d",
        "*.selectionBackgroundInactive": "#598def2d",
        "*.selectionInactiveBackground": "#598def2d",

        "*.acceleratorSelectionForeground": "#FFFFFF",
        "*.selectedForeground": "#FFFFFF",
        "*.selectionForeground": "#FFFFFF",
        "*.selectionForeground.os.default": "#FFFFFF",
        "*.selectionForeground.os.mac": "#FFFFFF",
        "*.selectionForeground.os.windows": "#FFFFFF",

        "*.borderColor": "#21252b",
        "*.Borders.ContrastBorderColor": "#21252b",
        "*.disabled": "#21252bFF",
        "*.disabledBorderColor": "#23272F",
        "*.excluded": "#21252bFF",
        "*.separatorColor": "#21252b",


        "*.caretForeground": "#B0B7C3",
        "*.foreground": "#8E99B1",
        "*.lightSelectionForeground": "#B0B7C3",
        "*.selectionInactiveForeground": "#B0B7C3",
        "*.textForeground": "#B0B7C3",

        "*.acceleratorForeground": "#8E99B1",
        "*.lightSelectionInactiveForeground": "#8E99B1",
        "*.inactiveForeground": "#8E99B1",
        "*.infoForeground": "#8E99B1",

        "*.separatorForeground": "#5a5a5a",
        "*.disabledForeground": "#5a5a5a",

        "*.disabledText": "#5a5a5a",

        "*.lineSeparatorColor": "#181A1F",
        "*.secondBorder": "#181A1F",

        "*.errorForeground": "#E51400",
        "*.modifiedItemForeground": "#A78CFA",

        "Panel.mouseShortcutBackground": "#21252B",
        "Tree.background": "#21252B",

        "Panel.background": "#282c34",
        "List.background": "#282c34",

        "Tree.selectionInactiveBackground": "#30333D",

        "List.selectionBackground": "#5383dc",

        "*.focusColor": "#3e5889",
        "*.lightSelectionBackground": "#3e5889",
        "*.selectionBackground.os.default": "#3e5889FF",
        "*.selectionBackground.os.mac": "#3e5889FF",
        "*.selectionBackground.os.windows": "#3e5889FF",
        "*.tableSelected": "#3e5889FF",
        "List.selectionInactiveBackground": "#3e5889",
        "Tree.selectionBackground": "#3e5889",
        "Tree.hoverBackground": "#3e5889",
        "Tree.hoverInactiveBackground": "#3e5889",

        "List.selectionForeground": "#FFFFFF",

        "Panel.foreground": "#B0B7C3",
        "Tree.selectionForeground": "#B0B7C3",
        "Label.foreground": "#8E99B1",

        "List.foreground": "#B0B7C3FF",
        "List.selectionInactiveForeground": "#B0B7C3FF",
        "Label.selectedDisabledForeground": "#B0B7C3FF",
        "Label.selectedForeground": "#B0B7C3FF",
        "Label.textForeground": "#B0B7C3FF",

        "Tree.foreground": "#8e99b1",

        "Label.infoForeground": "#8E99B1",

        "Label.grayForeground": "#676E95",
        "Label.disabledForeground": "#676E95",
        "Label.disabledText": "#676E95",

        "Label.errorForeground": "#E51400",
        "Label.successForeground": "#3EC141",
        "Label.background": "#FFFFFF00",



        "ActionToolbar.background": "#21252B",
        "AvailableMnemonic.background": "#21252B",
        "BigSpinner.background": "#21252B",
        "BookmarkMnemonicAvailable.background": "#21252B",
        "Bookmark.MnemonicAssigned.background": "#21252B",
        "Bookmark.MnemonicCurrent.background": "#21252B",
        "Button.installFillBackground": "#21252B",
        "Button.updateBackground": "#21252B",
        "Canvas.Tooltip.background": "#21252B",
        "CheckBox.checkSignColor": "#21252B",
        "CheckBox.checkSignColor.selected": "#21252B",
        "CheckBox.checkSignColorDisabled": "#21252B",
        "CheckBox.checkSignColorDisabled.selected": "#21252B",
        "CheckBox.focused.background": "#21252B",
        "CheckBox.focusedArmed.background": "#21252B",
        "CheckBox.inactiveFillColor": "#21252B",
        "Checkbox.Background.Default": "#21252B",
        "Checkbox.Background.Default.Dark": "#21252B",
        "Checkbox.Background.Disabled": "#21252B",
        "Checkbox.Background.Disabled.Dark": "#21252B",
        "Checkbox.Border.Disabled": "#21252B",
        "Checkbox.Border.Disabled.Dark": "#21252B",
        "Checkbox.Focus.Thin.Default": "#21252B",
        "Checkbox.Focus.Thin.Default.Dark": "#21252B",
        "Checkbox.Focus.Wide.Default": "#21252B",
        "Checkbox.Focus.Wide.Default.Dark": "#21252B",
        "CheckBoxMenuItem.background": "#21252B",
        "CheckBoxMenuItem.disabledBackground": "#21252B",
        "CodeWithMe.AccessEnabled.dropdownBorder": "#21252B",
        "CodeWithMe.AccessEnabled.pillbackground": "#21252B",
        "ColorChooser.background": "#21252B",
        "Content.selectionInactiveBackground": "#21252B",
        "ComboBox.PopupBackground": "#21252B",
        "ComboBox.arrowFillColor": "#21252B",
        "ComboBox.darcula.nonEditableBackground": "#21252B",
        "ComplexPopup.Header.background": "#21252B",
        "Content.background": "#21252B",
        "darcula.primary": "#21252B",
        "DefaultTabs.background": "#21252B",
        "DefaultTabs.borderColor": "#21252B",
        "DefaultTabs.inactiveColoredFileBackground": "#21252B",
        "DefaultTabs.inactiveColoredTabBackground": "#21252B",
        "Dialog.titleColor": "#21252B",
        "DragAndDrop.backgroundColor": "#21252B",
        "DragAndDrop.rowBackground": "#21252B",
        "Editor.background": "#21252B",
        "EditorGroupsTabs.background": "#21252B",
        "EditorPane.background": "#21252B",
        "EditorPane.inactiveBackground": "#21252B",
        "EditorTabs.background": "#21252B",
        "EditorTabs.inactiveColoredFileBackground": "#21252B",
        "FormattedTextField.background": "#21252B",
        "FormattedTextField.inactiveBackground": "#21252B",
        "GotItTooltip.background": "#21252B",
        "HelpTooltip.backgroundColor": "#21252B",
        "InplaceRefactoringPopup.background": "#21252B",
        "intellijlaf.background": "#21252B",
        "InternalFrame.inactiveTitleBackground": "#21252B",
        "Lesson.shortcutbackground": "#21252B",
        "Lesson.Tooltip.background": "#21252B",
        "Lesson.Tooltip.spanBackground": "#21252B",
        "MainToolbar.Dropdown.background": "#21252B",
        "MainToolbar.Icon.background": "#21252B",
        "MainToolbar.background": "#21252B",
        "MainToolbar.inactiveBackground": "#21252B",
        "material.background": "#21252B",
        "material.contrast": "#21252B",
        "material.mergeCommits": "#21252B",
        "material.tab.backgroundColor": "#21252B",
        "MemoryIndicator.allocatedBackground": "#21252B",
        "MemoryIndicator.unusedColor": "#21252B",
        "Menu.background": "#22272F",
        "MenuBar.disabledBackground": "#21252B",
        "MenuBar.highlight": "#21252B",
        "MlModelBinding.Viewer.CodeEditor.background": "#21252B",
        "NewClass.Panel.background": "#21252B",
        "NewClass.SearchField.background": "#21252B",
        "Notification.background": "#21252B",
        "Notification.MoreButton.background": "#21252B",
        "NotificationsToolwindow.newNotification.background": "#21252B",
        "OptionPane.background": "#21252B",
        "OptionButton.separatorColor": "#21252B",
        "ParameterInfo.background": "#21252B",
        "PasswordField.background": "#21252B",
        "Plugins.eapTagBackground": "#21252B",
        "Plugins.tagBackground": "#21252B",
        "Plugins.trialTagBackground": "#21252B",
        "Popup.Border.inactiveColor": "#21252B",
        "Popup.Header.activeBackground": "#21252B",
        "Popup.Header.inactiveBackground": "#21252B",
        "Popup.preferences.background": "#21252B",
        "Popup.Toolbar.Border.color": "#21252B",
        "Popup.Toolbar.background": "#21252B",
        "PopupMenu.translucentBackground": "#21252B",
        "RunWidget.background": "#21252B",
        "RunWidget.runningBackground": "#21252B",
        "SearchEverywhere.List.settingsBackground":"#21252B",
        "SearchEverywhere.SearchField.borderColor": "#21252B",
        "Separator.separatorColor": "#21252B",
        "SidePanel.background": "#21252B",
        "Space.Review.diffAnchorbackground": "#21252B",
        "SplitPane.background": "#21252B",
        "SplitPane.highlight": "#21252B",
        "SplitPaneDivider.draggingColor": "#21252B",
        "StateWidget.activeBackground": "#21252B",
        "StatusBar.background": "#21252B",
        "StatusBar.borderColor": "#21252B",
        "StatusBar.Breadcrumbs.selectionInactiveBackground": "#21252B",
        "TabbedPane.contentAreaColor": "#21252B",
        "TabbedPane.mt.tab.background": "#21252B",
        "Table.alternativeRowBackground": "#21252B",
        "Table.background": "#21252B",
        "Table.gridColor": "#21252B",
        "Table.lightSelectionInactivebackground": "#21252B",
        "Table.stripeColor": "#21252B",
        "Table.stripedBackground": "#21252B",
        "TableHeader.background": "#21252B",
        "TextField.separatorColorDisabled": "#21252B",
        "TitlePane.background": "#21252B",
        "TitlePane.inactiveBackground": "#21252B",
        "ToggleButton.off.background": "#21252B",
        "ToggleButton.off.foreground": "#21252B",
        "ToggleButton.offBackground": "#21252B",
        "ToolbarComboWidget.background": "#21252B",
        "tooltips.actions.settings.icon.background.color": "#21252B",
        "ToolWindow.active.Header.background": "#21252B",
        "ToolWindow.background": "#21252B",
        "ToolWindow.Header.background": "#21252B",
        "ToolWindow.Header.inactiveBackground": "#21252B",
        "ToolWindow.header.active.background": "#21252B",
        "ToolWindow.header.border.background": "#21252B",
        "ToolWindow.header.closeButton.background": "#21252B",
        "ToolWindow.header.editorGroup.border.background": "#21252B",
        "ToolWindow.HeaderCloseButton.background": "#21252B",
        "ToolWindow.inactive.Header.background": "#21252B",
        "ToolWindow.inactive.HeaderTab.background": "#21252B",
        "UiDesigner.Panel.background": "#21252B",
        "UiDesigner.Preview.background": "#21252B",
        "VersionControl.FileHistory.Commit.otherBranchBackground": "#21252B",
        "VersionControl.FileHistory.Commit.selectedBranchBackground": "#21252B",
        "VersionControl.Log.Commit.currentBranchBackground": "#2a384c",
        "Viewport.background": "#21252B",
        "WelcomeScreen.AssociatedComponent.background": "#21252B",
        "WelcomeScreen.background": "#21252B",
        "WelcomeScreen.captionBackground": "#21252B",
        "WelcomeScreen.Details.background": "#21252B",
        "WelcomeScreen.footerBackground": "#21252B",
        "WelcomeScreen.headerBackground": "#21252B",
        "WelcomeScreen.List.background": "#21252B",
        "WelcomeScreen.Projects.actions.background": "#21252B",
        "WelcomeScreen.Projects.background": "#21252B",
        "WelcomeScreen.SidePanel.background": "#21252B",
        "window": "#21252B",
        "Window.border": "#21252B",


        "Plugins.SectionHeader.background": "#2F323C",
        "Popup.Advertiser.background": "#2F323C",
        "SearchEverywhere.Advertiser.background": "#2F323C",
        "SearchEverywhere.Header.background": "#2F323C",


        "Button.background": "#282c34",
        "CheckBox.background": "#282c34",
        "ComboBox.ArrowButton.background": "#282c34",
        "ComboBox.ArrowButton.nonEditableBackground": "#282c34",
        "ComboBox.darcula.arrowButtonBackground": "#282c34",
        "ComboBox.darcula.editable.arrowButtonBackground": "#282c34",
        "DialogWrapper.southPanelBackground": "#282c34",
        "Editor.SearchField.background": "#30333d",
        "EditorTabs.borderColor": "#282c34",
        "EditorTabs.underlinedTabBackground": "#282c34",
        "EditorTabs.underTabsBorderColor": "#282c34",
        "MenuBar.borderColor": "#282c34",
        "OnePixelDivider.background": "#282c34",
        "Plugins.background": "#282c34",
        "Plugins.Button.installBackground": "#282c34",
        "Plugins.SearchField.background": "#282c34",
        "RadioButton.background": "#282c34",
        "RadioButtonMenuItem.background": "#282c34",
        "ScrollBar.background": "#282c34",
        "Slider.background": "#282c34",
        "Tag.background": "#282c34",
        "TextPane.background": "#282c34",
        "ToggleButton.background": "#282c34",
        "ToolBar.background": "#282c34",
        "ToolWindow.Header.borderColor": "#282c34",
        "ToolWindow.HeaderTab.selectedInactiveBackground": "#282c34",
        "ToolWindow.HeaderTab.underlinedTabInactiveBackground": "#282c34",

        "VersionControl.Log.Commit.selectionInactiveBackground": "#30333d",

        "BookmarkMnemonicAssigned.buttonBackground": "#30333d",
        "BookmarkMnemonicCurrent.buttonBackground": "#30333d",
        "Button.endBackground": "#30333d",
        "Button.startBackground": "#3A3D47",
        "ComboBox.background": "#23272F",
        "ComboBox.nonEditableBackground": "#23272F",
        "ComboBoxButton.background": "#23272F",
        "Editor.ToolTip.background": "#23272F",
        "Popup.background": "#23272F",
        "SearchEverywhere.background": "#23272F",
        "SearchEverywhere.Dialog.background": "#23272F",
        "SearchEverywhere.SearchField.background": "#23272F",
        "TextArea.background": "#23272F",
        "TextField.background": "#30333d",
        "ToggleButton.buttonColor": "#30333d",
        "ToolBar.comboBoxButtonBackground": "#30333d",
        "ToolTip.Actions.background": "#23272F",
        "ToolTip.background": "#23272F",


        "Button.default.endBackground": "#5275CD",
        "Button.default.endBorderColor": "#5275CD",
        "Button.default.startBackground": "#518AE1",
        "Button.default.startBorderColor": "#518AE1",
        "ComboBox.selectionBackground": "#5383dc",
        "Counter.background": "#5383dc",
        "Menu.selectionBackground": "#5383dc",
        "MenuBar.selectionBackground": "#5383dc",
        "Plugins.Button.updateBackground": "#5383dc",
        "Plugins.Button.updateBorderColor": "#5383dc",
        "Plugins.ScreenshotPagination.CurrentImage.fillColor":"#5383dc",
        "RadioButtonMenuItem.selectionBackground": "#5383dc",
        "SearchEverywhere.Tab.selectedBackground":"#5383dc",
        "StatusBar.Widget.pressedBackground": "#5383dc",
        "TabbedPane.underlineColor": "#5383dc",
        "TextArea.selectionBackground": "#5383dc",
        "TextField.selectionBackground": "#5383dc",


        "ActionButton.hoverBackground": "#3e5889",
        "ActionButton.pressedBackground": "#3e5889",
        "AssignedMnemonic.background": "#3e5889",
        "Autocomplete.selectionBackground": "#3e5889",
        "Autocomplete.selectionUnfocus": "#3e5889",
        "Banner.informativeBackground": "#3e5889",
        "Banner.informativeBorderColor": "#3e5889",
        "BookmarkMnemonicAssigned.background": "#3e5889",
        "BookmarkMnemonicIcon.background": "#3e5889",
        "Button.default.focusColor": "#3e5889",
        "CheckBox.darcula.inactiveFillColor": "#3e5889",
        "CheckBoxMenuItem.selectionBackground": "#3e5889",
        "CompletionPopup.selectionBackground": "#3e5889",
        "CompletionPopup.selectionInactiveBackground": "#3e5889",
        "Component.focusColor": "#3e5889",
        "Content.selectionBackground": "#3e5889",
        "DebuggerTabs.active.background": "#3e5889",
        "DebuggerTabs.underlinedTabBackground": "#3e5889",
        "DefaultTabs.hoverBackground": "#3e5889",
        "DefaultTabs.underlinedTabBackground": "#3e5889",
        "DragAndDrop.areaBackground": "#3e5889",
        "EditorGroupsTabs.hoverBackground": "#3e5889",
        "EditorGroupsTabs.hoverColor": "#3e5889",
        "EditorGroupsTabs.underlinedTabBackground": "#3e5889",
        "EditorPane.selectionBackground": "#3e5889",
        "EditorTabs.active.background": "#3e5889",
        "EditorTabs.hoverBackground": "#3e5889",
        "EditorTabs.inactiveHoverBackground": "#3e5889",
        "FormattedTextField.selectionBackground": "#3e5889",
        "Github.List.tallRow.selectionBackground": "#3e5889",
        "Github.List.tallRow.selectionBackground.unfocused": "#3e5889",
        "List.hoverBackground": "#3e5889",
        "List.hoverInactiveBackground": "#3e5889",
        "MainToolbar.Dropdown.hoverBackground": "#3e5889",
        "MainToolbar.Dropdown.pressedBackground": "#3e5889",
        "MainToolbar.hoverBackground": "#3e5889",
        "MainToolbar.Icon.hoverBackground": "#3e5889",
        "MainToolbar.Icon.pressedBackground": "#3e5889",
        "MainToolbar.pressedBackground": "#3e5889",
        "material.selectionBackground": "#3e5889",
        "MemoryIndicator.usedBackground": "#3e5889",
        "MemoryIndicator.usedColor": "#3e5889",
        "MnemonicIcon.background": "#3e5889",
        "Notification.ToolWindow.informativeBackground": "#3e5889",
        "NotificationsToolwindow.newNotification.hoverBackground": "#3e5889",
        "NotificationsToolwindow.Notification.hoverBackground": "#3e5889",
        "ParameterInfo.currentOverloadBackground": "#3e5889",
        "PasswordField.selectionBackground": "#3e5889",
        "Plugins.hoverBackground": "#3e5889",
        "Plugins.lightSelectionBackground": "#3e5889",
        "Plugins.ActionButton.hoverBackground": "#3e5889",
        "Plugins.ActionButton.pressedBackground": "#3e5889",
        "Plugins.Button.installFocusedBackground": "#3e5889",
        "Plugins.selectionBackground": "#3e5889",
        "Plugins.Tab.active.background": "#3e5889",
        "Plugins.Tab.hover.background": "#3e5889",
        "Plugins.Tab.hoverBackground": "#3e5889",
        "Plugins.Tab.selectedBackground": "#3e5889",
        "ProgressBar.halfColor": "#3e5889",
        "ProgressBar.selectionBackground": "#3e5889",
        "RadioButton.focusColor": "#3e5889",
        "RunWidget.pressedBackground": "#3e5889",
        "SearchEverywhere.List.selectionBackground": "#3e5889",
        "SearchEverywhere.Tab.active.background": "#3e5889",
        "SearchOption.selectedBackground": "#3e5889",
        "SegmentedButton.selectedButtonColor": "#3e5889",
        "SegmentedButton.focusedSelectedButtonColor": "#3e5889",
        "StatusBar.Breadcrumbs.floatingBackground": "#3e5889",
        "StatusBar.Breadcrumbs.hoverBackground": "#3e5889",
        "StatusBar.Breadcrumbs.selectionBackground": "#3e5889",
        "StatusBar.LightEditBackground": "#3e5889",
        "StatusBar.Widget.hoverBackground": "#3e5889",
        "Table.focusCellBackground": "#3e5889",
        "Table.highlightOuter": "#3e5889",
        "Table.hoverBackground": "#3e5889",
        "Table.hoverInactiveBackground": "#3e5889",
        "Table.lightSelectionBackground": "#3e5889",
        "Table.lightSelectionInactiveBackground": "#3e5889",
        "Table.selectionBackground": "#3e5889",
        "Table.selectionInactiveBackground": "#3e5889",
        "TableHeader.focusCellBackground": "#3e5889",
        "TableHeader.hoverBackground": "#3e5889",
        "ToolWindow.ActionButton.pressedBackground": "#3e5889",
        "ToolWindow.Button.hoverBackground": "#3e5889",
        "ToolWindow.Button.selectedBackground": "#3e5889",
        "ToolWindow.HeaderTab.hoverBackground": "#3e5889",
        "ToolWindow.HeaderTab.hoverInactiveBackground": "#3e5889",
        "ToolWindow.HeaderTab.underlinedTabBackground": "#3e5889",
        "TabbedPane.focus": "#3e5889",
        "TabbedPane.focusColor": "#3e5889",
        "TabbedPane.hoverColor": "#3e5889",
        "TabbedPane.selected": "#3e5889",
        "TabbedPane.selectHighlight": "#3e5889",
        "TextPane.selectionBackground": "#3e5889",
        "ToolbarComboWidget.hoverBackground": "#3e5889",
        "ToolWindow.active.HeaderTab.background": "#3e5889",
        "ToolWindow.ActionButton.hoverBackground": "#3e5889",
        "ToolWindow.header.tab.selected.active.background": "#3e5889",
        "ToolWindow.header.tab.selected.background": "#3e5889",
        "Tree.hash": "#3e5889",
        "VersionControl.GitCommits.graphColor": "#3e5889",
        "VersionControl.Log.Commit.hoveredBackground": "#3e5889",
        "VersionControl.Log.Commit.selectionBackground": "#3e5889",
        "VersionControl.Ref.backgroundBase": "#282c34",
        "VersionControl.RefLabel.backgroundBase": "#282c34",
        "WelcomeScreen.List.selectionBackground": "#3e5889",
        "WelcomeScreen.List.selectionInactiveBackground": "#3e5889",
        "WelcomeScreen.Projects.actions.selectionBackground": "#3e5889",
        "WelcomeScreen.Projects.selectionBackground": "#3e5889",
        "WelcomeScreen.Projects.selectionInactiveBackground": "#3e5889",


        "Button.default.foreground": "#FFFFFF",
        "ComboBox.selectionForeground": "#FFFFFF",
        "Counter.foreground": "#FFFFFF",
        "Plugins.Button.installFillForeground": "#FFFFFF",
        "Plugins.Button.updateForeground": "#FFFFFF",
        "Popup.Toolbar.Floating.background": "#181a1f",
        "Slider.buttonColor": "#8E99B1",
        "SearchEverywhere.Tab.selectedForeground":"#FFFFFF",
        "SearchMatch.endBackground": "#FFFFFF",
        "SearchMatch.startBackground": "#FFFFFF",
        "SpeedSearch.background": "#FFFFFF",
        "StatusBar.Widget.pressedForeground": "#FFFFFF",
        "TextArea.selectionForeground": "#FFFFFF",
        "TextField.selectionForeground": "#FFFFFF",
        "Toolbar.Floating.background": "#181a1f",

        "Borders.color": "#21252b",
        "Borders.ContrastBorderColor": "#21252b",
        "Button.disabledBorderColor": "#23272F",
        "ComboBox.darcula.disabledArrowButtonBackground": "#21252b",
        "Component.borderColor": "#21252b",
        "Component.disabledBorderColor": "#23272F",
        "DialogWrapper.southPanelDivider": "#21252b",
        "Editor.Toolbar.borderColor": "#21252b",
        "Notification.MoreButton.innerBorderColor": "#21252b",
        "Plugins.borderColor": "#21252b",
        "Plugins.SearchField.borderColor": "#21252b",
        "Popup.innerBorderColor": "#21252b",
        "RadioButtonMenuItem.disabledBackground": "#21252b",
        "SearchEverywhere.List.separatorColor": "#21252b",


        "Button.foreground": "#B0B7C3",
        "CheckBox.foreground": "#B0B7C3",
        "EditorPane.foreground": "#B0B7C3",
        "EditorTabs.underlinedTabForeground": "#B0B7C3",
        "MenuBar.foreground": "#B0B7C3",
        "ProgressBar.selectionForeground": "#B0B7C3",
        "SearchEverywhere.Advertiser.foreground":"#B0B7C3",
        "Slider.foreground": "#B0B7C3",
        "StatusBar.Widget.foreground": "#8E99B1",
        "StatusBar.Widget.hoverForeground": "#B0B7C3",
        "TextArea.foreground": "#B0B7C3",
        "TextField.foreground": "#B0B7C3",
        "ToggleButton.foreground": "#8e99b1",
        "ToolTip.foreground": "#B0B7C3",
        "ToolWindow.Button.selectedForeground": "#B0B7C3",
        "VersionControl.Log.Commit.selectionForeground": "#B0B7C3",
        "VersionControl.RefLabel.foreground": "#B0B7C3",

        "AssignedMnemonic.foreground": "#B0B7C3FF",
        "AvailableMnemonic.foreground": "#B0B7C3FF",
        "Bookmark.Mnemonic.iconForeground": "#B0B7C3FF",
        "Bookmark.MnemonicAssigned.foreground": "#B0B7C3FF",
        "Bookmark.MnemonicCurrent.foreground": "#B0B7C3FF",
        "BookmarkMnemonicAssigned.foreground": "#B0B7C3FF",
        "BookmarkMnemonicAvailable.foreground": "#B0B7C3FF",
        "BookmarkMnemonicCurrent.foreground": "#B0B7C3FF",
        "BookmarkMnemonicIcon.foreground": "#B0B7C3FF",
        "CheckBoxMenuItem.acceleratorForeground": "#B0B7C3FF",
        "CheckBoxMenuItem.acceleratorSelectionForeground": "#B0B7C3FF",
        "CheckBoxMenuItem.foreground": "#B0B7C3FF",
        "CheckBoxMenuItem.selectionForeground": "#B0B7C3FF",
        "CodeWithMe.Avatar.foreground": "#B0B7C3FF",
        "ColorChooser.foreground": "#B0B7C3FF",
        "ColorChooser.swatchesDefaultRecentColor": "#B0B7C3FF",
        "ComboBox.ArrowButton.iconColor": "#B0B7C3FF",
        "ComboBox.darcula.arrowButtonForeground": "#B0B7C3FF",
        "ComboBox.darcula.hoveredArrowButtonForeground": "#B0B7C3FF",
        "ComboBox.foreground": "#B0B7C3FF",
        "CompletionPopup.foreground": "#B0B7C3FF",
        "CompletionPopup.grayedForeground": "#B0B7C3FF",
        "CompletionPopup.matchSelectedForeground": "#B0B7C3FF",
        "CompletionPopup.selectedForeground": "#B0B7C3FF",
        "CompletionPopup.selectedGrayedForeground": "#B0B7C3FF",
        "CompletionPopup.selectionInactiveForeground": "#B0B7C3FF",
        "Component.iconColor": "#B0B7C3FF",
        "CurrentMnemonic.foreground": "#B0B7C3FF",
        "DefaultTabs.underlinedTabForeground": "#B0B7C3FF",
        "DragAndDrop.areaForeground": "#B0B7C3FF",
        "DragAndDrop.foregroundColor": "#B0B7C3FF",
        "Editor.foreground": "#B0B7C3FF",
        "Editor.shortcutForeground": "#B0B7C3FF",
        "EditorGroupsTabs.underlinedTabForeground": "#B0B7C3FF",
        "EditorPane.caretForeground": "#B0B7C3FF",
        "EditorPane.selectionForeground": "#B0B7C3FF",
        "EditorTabs.active.foreground": "#B0B7C3FF",
        "EditorTabs.foreground": "#B0B7C3FF",
        "EditorTabs.hoverTabForeground": "#B0B7C3FF",
        "EditorTabs.selectedForeground": "#B0B7C3FF",
        "FormattedTextField.caretForeground": "#B0B7C3FF",
        "FormattedTextField.foreground": "#B0B7C3FF",
        "FormattedTextField.selectionForeground": "#B0B7C3FF",
        "Git.Log.Ref.Other": "#B0B7C3FF",
        "Git.Log.Ref.RemoteBranch": "#B0B7C3FF",
        "Git.Log.Ref.Tag": "#B0B7C3FF",
        "Github.List.tallRow.foreground": "#B0B7C3FF",
        "Github.List.tallRow.secondary.foreground": "#B0B7C3FF",
        "Github.List.tallRow.selectionForeground": "#B0B7C3FF",
        "Github.List.tallRow.selectionForeground.unfocused": "#B0B7C3FF",
        "GotItTooltip.foreground": "#B0B7C3FF",
        "GotItTooltip.linkForeground": "#B0B7C3FF",
        "GotItTooltip.shortcutForeground": "#B0B7C3FF",
        "HelpTooltip.shortcutTextColor": "#B0B7C3FF",
        "HelpTooltip.textColor": "#B0B7C3FF",
        "Hg.Log.Ref.ClosedBranch": "#B0B7C3FF",
        "Hg.Log.Ref.LocalTag": "#B0B7C3FF",
        "Hg.Log.Ref.MqTag": "#B0B7C3FF",
        "Hg.Log.Ref.Tag": "#B0B7C3FF",
        "infoPanelForeground": "#B0B7C3FF",
        "intellijlaf.foreground": "#B0B7C3FF",
        "Lesson.Badge.newLessonForeground": "#B0B7C3FF",
        "Lesson.stepNumberForeground": "#B0B7C3FF",
        "Lesson.Tooltip.foreground": "#B0B7C3FF",
        "Lesson.Tooltip.spanForeground": "#B0B7C3FF",
        "Lesson.Tooltip.stepNumberForeground": "#B0B7C3FF",
        "link": "#B0B7C3FF",
        "link.foreground": "#B0B7C3FF",
        "Link.secondaryForeground": "#B0B7C3FF",
        "material.branchColor": "#B0B7C3FF",
        "material.foreground": "#B0B7C3FF",
        "material.primaryColor": "#B0B7C3FF",
        "material.selectionForeground": "#B0B7C3FF",
        "material.tagColor": "#B0B7C3FF",
        "MnemonicIcon.foreground": "#B0B7C3FF",
        "NavBar.arrowColor": "#B0B7C3FF",
        "Notification.MoreButton.foreground": "#B0B7C3FF",
        "OptionPane.foreground": "#B0B7C3FF",
        "OptionPane.messageForeground": "#B0B7C3FF",
        "ParameterInfo.ContextHelp.foreground": "#B0B7C3FF",
        "ParameterInfo.currentParameterForeground": "#B0B7C3FF",
        "ParameterInfo.foreground": "#B0B7C3FF",
        "PasswordField.caretForeground": "#B0B7C3FF",
        "PasswordField.foreground": "#B0B7C3FF",
        "Plugins.SectionHeader.foreground": "#B0B7C3FF",
        "Plugins.Tab.active.foreground": "#B0B7C3FF",
        "Plugins.Tab.selectedForeground": "#B0B7C3FF",
        "Popup.preferences.foreground": "#B0B7C3FF",
        "PasswordField.selectionForeground": "#B0B7C3FF",
        "Plugins.selectionForeground": "#B0B7C3FF",
        "RadioButton.foreground": "#B0B7C3FF",
        "RadioButtonMenuItem.acceleratorForeground": "#B0B7C3FF",
        "RadioButtonMenuItem.acceleratorSelectionForeground": "#B0B7C3FF",
        "RadioButtonMenuItem.foreground": "#B0B7C3FF",
        "RadioButtonMenuItem.selectionForeground": "#B0B7C3FF",
        "RunWidget.foreground": "#B0B7C3FF",
        "RunWidget.iconColor": "#B0B7C3FF",
        "SearchEverywhere.Dialog.foreground": "#B0B7C3FF",
        "SearchEverywhere.foreground": "#B0B7C3FF",
        "SearchEverywhere.shortcutForeground": "#B0B7C3FF",
        "SearchEverywhere.Tab.active.foreground": "#B0B7C3FF",
        "SearchEverywhere.Tab.selected.foreground": "#B0B7C3FF",
        "StatusBar.Breadcrumbs.floatingForeground": "#B0B7C3FF",
        "StatusBar.Breadcrumbs.foreground": "#B0B7C3FF",
        "StatusBar.Breadcrumbs.hoverForeground": "#B0B7C3FF",
        "StatusBar.Breadcrumbs.selectionInactiveForeground": "#B0B7C3FF",
        "SearchResults.Ordinal.File.Foreground": "#B0B7C3FF",
        "SearchResults.Repeated.File.Foreground": "#B0B7C3FF",
        "SpeedSearch.errorForeground": "#B0B7C3FF",
        "SpeedSearch.foreground": "#B0B7C3FF",
        "Spinner.selectionForeground": "#B0B7C3FF",
        "StatusBar.Breadcrumbs.selectionForeground": "#B0B7C3FF",
        "TabbedPane.foreground": "#B0B7C3FF",
        "TabbedPane.selectedForeground": "#B0B7C3FF",
        "Table.focusCellForeground": "#B0B7C3FF",
        "Table.lightSelectionForeground": "#B0B7C3FF",
        "Table.lightSelectionInactiveForeground": "#B0B7C3FF",
        "Table.selectionForeground": "#B0B7C3FF",
        "Table.selectionInactiveForeground": "#B0B7C3FF",
        "Table.sortIconColor": "#B0B7C3FF",
        "TableHeader.focusCellForeground": "#B0B7C3FF",
        "TableHeader.foreground": "#B0B7C3FF",
        "Tag.foreground": "#B0B7C3FF",
        "TextPane.caretForeground": "#B0B7C3FF",
        "TextPane.foreground": "#B0B7C3FF",
        "TextPane.selectionForeground": "#B0B7C3FF",
        "textText": "#B0B7C3FF",
        "ToggleButton.offForeground": "#B0B7C3FF",
        "ToggleButton.on.foreground": "#B0B7C3FF",
        "ToggleButton.onForeground": "#B0B7C3FF",
        "ToolBar.floatingForeground": "#B0B7C3FF",
        "ToolBar.foreground": "#B0B7C3FF",
        "tooltips.actions.keymap.text.color": "#B0B7C3FF",
        "tooltips.description.title.text.color": "#B0B7C3FF",
        "ToolTip.Learning.foreground": "#B0B7C3FF",
        "ToolTip.Learning.spanForeground": "#B0B7C3FF",
        "ToolTip.Learning.stepNumberForeground": "#B0B7C3FF",
        "ToolWindow.HeaderTab.underlinedTabForeground": "#B0B7C3FF",
        "ToolWindow.HeaderTab.underlinedTabInactiveForeground": "#B0B7C3FF",
        "VersionControl.GitLog.headIconColor": "#B0B7C3FF",
        "VersionControl.GitLog.otherIconColor": "#B0B7C3FF",
        "VersionControl.GitLog.remoteBranchIconColor": "#B0B7C3FF",
        "VersionControl.GitLog.tagIconColor": "#B0B7C3FF",
        "VersionControl.HgLog.bookmarkIconColor": "#B0B7C3FF",
        "VersionControl.HgLog.headIconColor": "#B0B7C3FF",
        "VersionControl.HgLog.localTagIconColor": "#B0B7C3FF",
        "VersionControl.HgLog.mqTagIconColor": "#B0B7C3FF",
        "VersionControl.HgLog.tagIconColor": "#B0B7C3FF",
        "VersionControl.HgLog.tipIconColor": "#B0B7C3FF",
        "VersionControl.Log.Commit.unmatchedForeground": "#B0B7C3FF",
        "VersionControl.Ref.foreground": "#B0B7C3FF",
        "Viewport.foreground": "#B0B7C3FF",
        "WelcomeScreen.captionForeground": "#B0B7C3FF",
        "WelcomeScreen.footerForeground": "#B0B7C3FF",
        "WelcomeScreen.headerForeground": "#B0B7C3FF",
        "windowText": "#B0B7C3FF",

        "Table.foreground": "#B0B7C3FF",


        "Bookmark.iconBackground": "#8E99B1",
        "BookmarkMnemonicCurrent.background": "#8E99B1",
        "BookmarkIcon.background": "#8E99B1",
        "Button.installForeground": "#8E99B1",
        "Button.installFillForeground": "#8E99B1",
        "Button.updateForeground": "#8E99B1",
        "Checkbox.Background.Selected": "#8E99B1",
        "Checkbox.Background.Selected.Dark": "#8E99B1",
        "Checkbox.Focus.Thin.Selected": "#8E99B1",
        "Checkbox.Focus.Thin.Selected.Dark": "#8E99B1",
        "Checkbox.Focus.Wide.Selected": "#8E99B1",
        "Checkbox.Focus.Wide.Selected.Dark": "#8E99B1",
        "CheckBox.focused.background.selected": "#8E99B1",
        "CheckBox.focusedArmed.background.selected": "#8E99B1",
        "CheckBox.inactiveFillColor.selected": "#8E99B1",
        "CheckBox.select": "#8E99B1",
        "CodeWithMe.AccessEnabled.accessDot": "#8E99B1",
        "CompletionPopup.selectionInactiveInfoForeground": "#8E99B1",
        "Component.hoverIconColor": "#8E99B1",
        "Component.infoForeground": "#8E99B1",
        "CurrentMnemonic.background": "#8E99B1",
        "Debugger.Variables.changedValueForeground": "#8E99B1",
        "Debugger.Variables.collectingDataForeground": "#8E99B1",
        "Debugger.Variables.evaluatingExpressionForeground": "#8E99B1",
        "Debugger.Variables.modifyingValueForeground": "#8E99B1",
        "Debugger.Variables.valueForeground": "#8E99B1",
        "dropArea.base": "#8E99B1",
        "Git.Log.Ref.LocalBranch": "#8E99B1",
        "GutterTooltip.infoForeground": "#8E99B1",
        "Hg.Log.Ref.Branch": "#8E99B1",
        "IconBadge.infoBackground": "#8E99B1",
        "Lesson.Badge.newLessonBackground": "#8E99B1",
        "LiveIndicator.color": "#8E99B1",
        "material.colon": "#8E99B1",
        "NavBar.selectedColor": "#8E99B1",
        "ParameterInfo.highlightedColor": "#8E99B1",
        "ParameterInfo.infoForeground": "#8E99B1",
        "PasswordField.capsLockIconColor": "#8E99B1",
        "Plugins.tagForeground": "#8E99B1",
        "Popup.Advertiser.foreground": "#8E99B1",
        "ProgressBar.foreground": "#8E99B1",
        "PsiViewer.referenceHighlightColor": "#8E99B1",
        "RadioButton.selectionEnabledColor": "#8E99B1",
        "SearchEverywhere.SearchField.infoForeground": "#8E99B1",
        "Slider.tickColor": "#8E99B1",
        "Table.dropLineColor": "#8E99B1",
        "Table.dropLineShortColor": "#8E99B1",
        "TabbedPane.selectedColor": "#8E99B1",
        "TextField.selectedSeparatorColor": "#8E99B1",
        "TitlePane.inactiveInfoForeground": "#8E99B1",
        "TitlePane.infoForeground": "#676E95",
        "ToolTip.infoForeground": "#8E99B1",
        "ToggleButton.on.background": "#8E99B1",
        "ToggleButton.onBackground": "#8E99B1",
        "ToolTip.Actions.infoForeground": "#8E99B1",
        "ToolTip.Learning.background": "#8E99B1",
        "ToolTip.Learning.spanBackground": "#8E99B1",
        "VersionControl.GitLog.localBranchIconColor": "#8E99B1",
        "VersionControl.HgLog.branchIconColor": "#8E99B1",

        "Popup.separatorForeground": "#5a5a5a",

        "CheckBox.darcula.checkSignColorDisabled": "#676E95",
        "CheckBox.disabledText": "#676E95",
        "CheckBoxMenuItem.disabledForeground": "#676E95",
        "CodeWithMe.AccessDisabled.accessDot": "#676E95",
        "ComboBox.ArrowButton.disabledIconColor": "#676E95",
        "ComboBox.darcula.arrowButtonDisabledForeground": "#676E95",
        "ComboBox.disabledForeground": "#676E95",
        "CompletionPopup.grayForeground": "#676E95",
        "CompletionPopup.selectionGrayForeground": "#676E95",
        "Component.grayForeground": "#676E95",
        "EditorPane.inactiveForeground": "#676E95",
        "FormattedTextField.inactiveForeground": "#676E95",
        "MenuBar.disabledForeground": "#676E95",
        "ParameterInfo.disabledColor": "#676E95",
        "ParameterInfo.disabledForeground": "#676E95",
        "PasswordField.inactiveForeground": "#676E95",
        "Plugins.disabledForeground": "#676E95",
        "RadioButton.disabledText": "#676E95",
        "RadioButtonMenuItem.disabledForeground": "#676E95",
        "SearchEverywhere.SearchField.grayForeground": "#676E95",
        "TabbedPane.disabledForeground": "#676E95",
        "TabbedPane.disabledText": "#676E95",
        "TabbedPane.selectedDisabledColor": "#676E95",
        "Table.disabledForeground": "#676E95",
        "TableHeader.disabledForeground": "#676E95",
        "TextArea.inactiveForeground": "#676E95",
        "TextField.inactiveForeground": "#676E95",
        "TextPane.inactiveForeground": "#676E95",
        "ToggleButton.disabledText": "#676E95",
        "ToolTip.Actions.grayForeground": "#676E95",
        "ToolTip.shortcutForeground": "#676E95",
        "RadioButton.darcula.selectionDisabledColor": "#676E95",
        "RadioButton.selectionDisabledColor": "#676E95",
        "VersionControl.HgLog.closedBranchIconColor": "#676E95",


        "AssignedMnemonic.borderColor": "#181A1F",
        "AvailableMnemonic.borderColor": "#181A1F",
        "Bookmark.MnemonicCurrent.borderColor": "#181A1F",
        "Bookmark.MnemonicAssigned.borderColor": "#181A1F",
        "BookmarkMnemonicAvailable.borderColor": "#181A1F",
        "BookmarkMnemonicIcon.borderColor": "#181A1F",
        "Button.endBorderColor": "#21252b",
        "Button.startBorderColor": "#21252b",
        "Canvas.Tooltip.borderColor": "#181A1F",
        "Checkbox.Border.Default": "#181A1F",
        "Checkbox.Border.Default.Dark": "#181A1F",
        "Checkbox.Border.Selected": "#181A1F",
        "Checkbox.Border.Selected.Dark": "#181A1F",
        "ComboPopup.border": "#181A1F",
        "CurrentMnemonic.borderColor": "#181A1F",
        "DebuggerPopup.borderColor": "#181A1F",
        "DragAndDrop.borderColor": "#181A1F",
        "DragAndDrop.backgroundBorderColor": "#181A1F",
        "EditorGroupsTabs.borderColor": "#181A1F",
        "EditorPane.splitBorder": "#181A1F",
        "GotItTooltip.borderColor": "#181A1F",
        "Group.disabledSeparatorColor": "#181A1F",
        "Group.separatorColor": "#32374B",
        "GutterTooltip.borderColor": "#181A1F",
        "GutterTooltip.lineSeparatorColor": "#181A1F",
        "HelpTooltip.borderColor": "#181A1F",
        "InformationHint.borderColor": "#181A1F",
        "InplaceRefactoringPopup.borderColor": "#181A1F",
        "Lesson.Tooltip.borderColor": "#181A1F",
        "material.tab.borderColor": "#181A1F",
        "Menu.borderColor": "#1C1E24",
        "Menu.separatorColor": "#32374B",
        "MnemonicIcon.borderColor": "#181A1F",
        "NavBar.borderColor": "#181A1F",
        "Notification.borderColor": "#181A1F",
        "OptionButton.default.separatorColor": "#181A1F",
        "ParameterInfo.borderColor": "#181A1F",
        "ParameterInfo.lineSeparatorColor": "#181A1F",
        "Popup.Advertiser.borderColor": "#181A1F",
        "Popup.Border.color": "#181A1F",
        "Popup.borderColor": "#181A1F",
        "Popup.inactiveBorderColor": "#181A1F",
        "Popup.preferences.borderColor": "#181A1F",
        "Popup.Separator.color": "#181A1F",
        "Popup.Separator.foreground": "#181A1F",
        "Popup.separatorColor": "#181A1F",
        "Popup.Toolbar.borderColor": "#181A1F",
        "ProgressBar.trackColor": "#30343A",
        "RadioButton.darcula.borderColor1": "#181A1F",
        "RunWidget.separatorColor": "#181A1F",
        "ScreenView.borderColor": "#181A1F",
        "SearchEverywhere.Advertiser.borderInsets": "#181A1F",
        "SearchEverywhere.Dialog.borderColor": "#181A1F",
        "SegmentedButton.selectedStartBorderColor": "#181A1F",
        "SegmentedButton.selectedEndBorderColor": "#181A1F",
        "Settings.Spotlight.borderColor": "#181A1F",
        "Slider.buttonBorderColor": "#8E99B1",
        "Slider.trackColor": "#32374b",
        "SpeedSearch.borderColor": "#181A1F",
        "TabbedPane.borderColor": "#181A1F",
        "TableHeader.borderColor": "#181A1F",
        "TableHeader.bottomSeparatorColor": "#181A1F",
        "TableHeader.separatorColor": "#181A1F",
        "Tag.borderColor": "#181A1F",
        "TextField.borderColor": "#181A1F",
        "TextField.separatorColor": "#181A1F",
        "TitledBorder.titleColor": "#181A1F",
        "ToggleButton.borderColor": "#181A1F",
        "ToolBar.borderHandleColor": "#181A1F",
        "ToolTip.borderColor": "#181A1F",
        "ToolTip.Learning.borderColor": "#181A1F",
        "ToolTip.separatorColor": "#181A1F",
        "ToolWindow.HeaderTab.borderColor": "#181A1F",
        "WelcomeScreen.borderColor": "#181A1F",
        "WelcomeScreen.groupIconBorderColor": "#181A1F",
        "WelcomeScreen.separatorColor": "#181A1F",
        "Window.editorGroup.border": "#181A1F",
        "windowBorder": "#181A1F",


        "ActionButton.focusedBorderColor": "#4480F4",
        "Banner.informativeForeground": "#4480F4",
        "Button.default.focusedBorderColor": "#4480F4",
        "Button.focus": "#4480F4",
        "Button.focusedBorderColor": "#4480F4",
        "Button.updateBorderColor": "#4480F4",
        "CompletionPopup.matchForeground": "#4480F4",
        "Component.focusedBorderColor": "#4480F4",
        "Focus.borderColor": "#4480F4",
        "Focus.Color": "#4480F4",
        "Focus.defaultButtonBorderColor": "#4480F4",
        "material.accent": "#4480F4",
        "Notification.ToolWindow.informativeBorderColor": "#4480F4",
        "Notification.ToolWindow.informativeForeground": "#4480F4",
        "Plugins.ActionButton.focusedBorderColor": "#4480F4",
        "SearchEverywhere.List.separatorForeground": "#4480F4",
        "TextField.focusedBorderColor": "#4480F4",
        "ToolWindow.ActionButton.focusedBorderColor": "#4480F4",


        "Link.activeForeground": "#4283f5",
        "ProgressBar.background": "#4283f5",
        "ProgressBar.progressColor": "#4283f5",


        "ProgressBar.passedColor": "#3EC141",
        "ProgressBar.passedEndColor": "#3EC141",


        "Button.installBorderColor": "#499149",
        "Plugins.Button.installBorderColor": "#499149",
        "Plugins.Button.installFillBackground": "#499149",
        "Plugins.Button.installForeground": "#499149",
        "Plugins.suggestedLabelBackground": "#499149",


        "Banner.errorBackground": "#503239",
        "Banner.errorBorderColor": "#503239",
        "Notification.errorBackground": "#503239",
        "Notification.errorBorderColor": "#503239",
        "Notification.ToolWindow.errorBackground": "#503239",
        "Notification.ToolWindow.errorBorderColor": "#503239",
        "SearchField.errorBackground": "#503239",
        "ValidationTooltip.errorBackground": "#503239",
        "ValidationTooltip.errorBorderColor": "#503239",


        "Banner.errorForeground": "#E51400",
        "Debugger.Variables.errorMessageForeground": "#E51400",
        "Notification.errorForeground": "#E51400",
        "Notification.ToolWindow.errorForeground": "#E51400",
        "ProgressBar.failedColor": "#E51400",
        "ProgressBar.failedEndColor": "#E51400",
        "RunWidget.stopBackground": "#E51400",


        "Banner.warningBackground": "#ffee95",
        "Banner.warningBorderColor": "#ffee95",
        "Notification.ToolWindow.warningBackground": "#ffee95",
        "Notification.ToolWindow.warningBorderColor": "#ffee95",
        "ValidationTooltip.warningBackground": "#ffee95",
        "ValidationTooltip.warningBorderColor": "#ffee95",


        "Banner.warningForeground": "#FF8A4C",
        "Debugger.Variables.exceptionForeground": "#FF8A4C",
        "NewPSD.warning": "#FF8A4C",
        "Notification.ToolWindow.warningForeground": "#FF8A4C",

        "TextArea.caretForeground": "#FC8357",
        "TextField.caretForeground": "#FC8357",

        "ComboBox.modifiedItemForeground": "#A78CFA",
        "Tree.modifiedItemForeground": "#A78CFA",

        "Link.hoverForeground": "#D365E5",
        "Link.pressedForeground": "#D365E5",
        "Link.visitedForeground": "#D365E5",


        "ScrollBar.hoverThumbBorderColor": "#A2ABE53F",
        "ScrollBar.hoverThumbColor": "#A2ABE53F",
        "ScrollBar.Mac.Transparent.hoverThumbColor": "#A2ABE53F",
        "ScrollBar.Mac.hoverThumbColor": "#A2ABE53F",
        "ScrollBar.Transparent.hoverThumbBorderColor": "#A2ABE53F",
        "ScrollBar.Transparent.hoverThumbColor": "#A2ABE53F",


        "ScrollBar.Mac.Transparent.thumbColor": "#A2ABE521",
        "ScrollBar.Mac.thumbColor": "#A2ABE521",
        "ScrollBar.thumb": "#A2ABE521",
        "ScrollBar.thumbBorderColor": "#A2ABE521",
        "ScrollBar.thumbColor": "#A2ABE521",
        "ScrollBar.thumbDarkShadow": "#A2ABE521",
        "ScrollBar.thumbHighlight": "#A2ABE521",
        "ScrollBar.thumbShadow": "#A2ABE521",
        "ScrollBar.Transparent.thumbBorderColor": "#A2ABE521",
        "ScrollBar.Transparent.thumbColor": "#A2ABE521",
        "Slider.thumb": "#A2ABE521",


        "Component.errorFocusColor": "#E51400A5",
        "Component.inactiveErrorFocusColor": "#E514004C",
        "Component.inactiveWarningFocusColor": "#FF8A4C59",
        "Component.warningFocusColor": "#FF8A4CB2",
        "FileColor.Blue": "#6495EE19",
        "FileColor.Green": "#40AD4119",
        "FileColor.Orange": "#FF8A4C19",
        "FileColor.Rose": "#F02B7719",
        "FileColor.Violet": "#C57BDB19",
        "FileColor.Yellow": "#403E32",
        "Plugins.paidTagBackground": "#F0C043",


        "ActionButton.hoverBorderColor": "#FFFFFF00",
        "ActionButton.pressedBorderColor": "#FFFFFF00",
        "Button.shadowColor": "#FFFFFF00",
        "Button.default.shadowColor": "#FFFFFF00",
        "CheckBox.shadowColor": "#FFFFFF00",
        "CheckBox.shadowColorDisabled": "#FFFFFF00",
        "CompletionPopup.nonFocusedMask": "#FFFFFF00",
        "DefaultTabs.hoverMaskColor": "#FFFFFF00",
        "DefaultTabs.inactiveUnderlineColor": "#FFFFFF00",
        "DefaultTabs.underlineColor": "#FFFFFF00",
        "EditorTabs.active.underlineColor": "#FFFFFF00",
        "EditorTabs.hoverMaskColor": "#FFFFFF00",
        "EditorTabs.inactive.maskColor": "#FFFFFF00",
        "EditorTabs.inactiveMaskColor": "#FFFFFF00",
        "EditorTabs.inactiveUnderlineColor": "#FFFFFF00",
        "EditorTabs.underlineColor": "#FFFFFF00",
        "EditorGroupsTabs.inactiveUnderlineColor": "#FFFFFF00",
        "EditorGroupsTabs.underlineColor": "#FFFFFF00",
        "MenuBar.shadow": "#FFFFFF00",
        "Plugins.ActionButton.hoverBorderColor": "#FFFFFF00",
        "Plugins.ActionButton.pressedBorderColor": "#FFFFFF00",
        "RadioButton.darcula.selectionDisabledShadowColor": "#FFFFFF00",
        "RadioButton.darcula.selectionEnabledColor": "#FFFFFF00",
        "RadioButton.darcula.selectionEnabledShadowColor": "#FFFFFF00",
        "RadioButton.selectionDisabledShadowColor": "#FFFFFF00",
        "RadioButton.selectionEnabledShadowColor": "#FFFFFF00",
        "ScrollBar.hoverTrackColor": "#FFFFFF00",
        "ScrollBar.Mac.hoverTrackColor": "#FFFFFF00",
        "ScrollBar.Mac.hoverThumbBorderColor": "#FFFFFF00",
        "ScrollBar.Mac.thumbBorderColor": "#FFFFFF00",
        "ScrollBar.Mac.trackColor": "#FFFFFF00",
        "ScrollBar.Mac.Transparent.hoverThumbBorderColor": "#FFFFFF00",
        "ScrollBar.Mac.Transparent.hoverTrackColor": "#FFFFFF00",
        "ScrollBar.Mac.Transparent.thumbBorderColor": "#FFFFFF00",
        "ScrollBar.Mac.Transparent.trackColor": "#FFFFFF00",
        "ScrollBar.track": "#FFFFFF00",
        "ScrollBar.trackColor": "#FFFFFF00",
        "ScrollBar.trackHighlight": "#FFFFFF00",
        "ScrollBar.Transparent.hoverTrackColor": "#FFFFFF00",
        "ScrollBar.Transparent.trackColor": "#FFFFFF00",
        "Slider.track": "#FFFFFF00",
        "Slider.trackDisabled": "#FFFFFF00",
        "Spinner.background": "#FFFFFF00",
        "Spinner.disabledBackground": "#FFFFFF00",
        "TabbedPane.background": "#FFFFFF00",
        "TabbedPane.disabledUnderlineColor": "#FFFFFF00",
        "TextField.darkShadow": "#FFFFFF00",
        "TextField.hoverBorderColor": "#FFFFFF00",
        "ToolWindow.ActionButton.hoverBorderColor": "#FFFFFF00",
        "ToolWindow.ActionButton.pressedBorderColor": "#FFFFFF00",
        "ToolWindow.HeaderTab.inactiveUnderlineColor": "#FFFFFF00",
        "ToolWindow.HeaderTab.underlineColor": "#FFFFFF00",


        "Bookmark.Mnemonic": {},
        "Bookmark.MnemonicAvailable": {}
    },
    "icons":{
        "ColorPalette":{
            "Actions.Grey": "#B0B7C3",
            "Actions.GreyInline": "#848486",
            "Actions.GreyInline.Dark": "#B0B7C3",
            "Actions.Green": "#53A053",
            "Actions.Blue": "#4480f4",
            "Actions.Red": "#E51400",
            "Actions.Yellow": "#F0AA0B",

            "Checkbox.Background.Default": "#23272f",
            "Checkbox.Border.Default": "#181A1F",
            "Checkbox.Foreground.Default": "#d7dae0",
            "Checkbox.Background.Default.Dark": "#23272f",
            "Checkbox.Border.Default.Dark": "#181A1F",
            "Checkbox.Foreground.Default.Dark": "#d7dae0",

            "Checkbox.Background.Selected": "#23272f",
            "Checkbox.Border.Selected": "#181A1F",
            "Checkbox.Foreground.Selected": "#5D9CFF",
            "Checkbox.Background.Selected.Dark": "#23272f",
            "Checkbox.Border.Selected.Dark": "#181A1F",
            "Checkbox.Foreground.Selected.Dark": "#5D9CFF",

            "Checkbox.Background.Disabled": "#282c34",
            "Checkbox.Border.Disabled": "#21252b",
            "Checkbox.Foreground.Disabled": "#676E95",
            "Checkbox.Background.Disabled.Dark": "#282c34",
            "Checkbox.Border.Disabled.Dark": "#21252b",
            "Checkbox.Foreground.Disabled.Dark": "#676E95",

            "Checkbox.Focus.Wide": "#0065FF66",
            "Checkbox.Focus.Wide.Dark": "#0065FF66",
            "Checkbox.Focus.Thin.Default": "#FFFFFF",
            "Checkbox.Focus.Thin.Default.Dark": "#FFFFFF",
            "Checkbox.Focus.Thin.Selected": "#5383dc",
            "Checkbox.Focus.Thin.Selected.Dark": "#5383dc",
            "Checkbox.Focus.Thin.Disabled": "#21252b",
            "Checkbox.Focus.Thin.Disabled.Dark": "#21252b",

            "Tree.iconColor": "#B0B7C3",

            "Objects.Blue": "#5383dc",
            "Objects.Purple": "#C838C6",
            "Objects.Pink": "#EF8ED8",
            "Objects.Red": "#F14C4C",
            "Objects.RedStatus": "#E51400",
            "Objects.Yellow": "#FF8A4C",
            "Objects.YellowDark": "#FF8A4C",
            "Objects.BlackText": "#231f20",
            "Objects.Grey": "#8E99B1",
            "Objects.GreenAndroid": "#3EC141"
        }
    }
}